unit_index,layer,channel,description
0,visual_transformer_resblocks_0,0,The ground
1,visual_transformer_resblocks_0,1,Edges of objects
2,visual_transformer_resblocks_0,2,The ground
3,visual_transformer_resblocks_0,3,Horizontal lines
4,visual_transformer_resblocks_0,4,Nature
5,visual_transformer_resblocks_0,5,The ground
6,visual_transformer_resblocks_0,6,Blue and red objects
7,visual_transformer_resblocks_0,7,Circular objects
8,visual_transformer_resblocks_0,8,Vertical line pattern on objects
9,visual_transformer_resblocks_0,9,The ground
10,visual_transformer_resblocks_0,10,White objects
11,visual_transformer_resblocks_0,11,Textured areas
12,visual_transformer_resblocks_0,12,Circular objects
13,visual_transformer_resblocks_0,13,The ground
14,visual_transformer_resblocks_0,14,Green colored objects
15,visual_transformer_resblocks_0,15,Grass and rugs
16,visual_transformer_resblocks_0,16,Horizontal lines
17,visual_transformer_resblocks_0,17,Green colored objects
18,visual_transformer_resblocks_0,18,The ground
19,visual_transformer_resblocks_0,19,Textured areas
20,visual_transformer_resblocks_0,20,The ground
21,visual_transformer_resblocks_0,21,Horizontal lines
22,visual_transformer_resblocks_0,22,The ground
23,visual_transformer_resblocks_0,23,The ground
24,visual_transformer_resblocks_0,24,Nature
25,visual_transformer_resblocks_0,25,Diagonal lines
26,visual_transformer_resblocks_0,26,The ground
27,visual_transformer_resblocks_0,27,Dogs and vehicles
28,visual_transformer_resblocks_0,28,The ground
29,visual_transformer_resblocks_0,29,The ground
30,visual_transformer_resblocks_0,30,Textured areas
31,visual_transformer_resblocks_0,31,Black and white color combination
32,visual_transformer_resblocks_0,32,Diagonal lines
33,visual_transformer_resblocks_0,33,The sky
34,visual_transformer_resblocks_0,34,Black and white colored objects
35,visual_transformer_resblocks_0,35,Horizontal lines
36,visual_transformer_resblocks_0,36,Circular objects
37,visual_transformer_resblocks_0,37,Textured areas
38,visual_transformer_resblocks_0,38,Green areas in picture
39,visual_transformer_resblocks_0,39,Black and white stripes
40,visual_transformer_resblocks_0,40,The ground
41,visual_transformer_resblocks_0,41,Green colored objects
42,visual_transformer_resblocks_0,42,Edges of objects
43,visual_transformer_resblocks_0,43,Green objects
44,visual_transformer_resblocks_0,44,The ground
45,visual_transformer_resblocks_0,45,The ground
46,visual_transformer_resblocks_0,46,Circular objects
47,visual_transformer_resblocks_0,47,Horizontal lines
48,visual_transformer_resblocks_0,48,Green grass
49,visual_transformer_resblocks_0,49,Similar color patterns
50,visual_transformer_resblocks_0,50,Striped objects
51,visual_transformer_resblocks_0,51,Textured areas
52,visual_transformer_resblocks_0,52,The ground
53,visual_transformer_resblocks_0,53,Nature
54,visual_transformer_resblocks_0,54,Blurry backgrounds
55,visual_transformer_resblocks_0,55,Black and white colored objects
56,visual_transformer_resblocks_0,56,Edges of objects
57,visual_transformer_resblocks_0,57,Blue and red objects
58,visual_transformer_resblocks_0,58,Circular objects
59,visual_transformer_resblocks_0,59,Spotted areas in pictures
60,visual_transformer_resblocks_0,60,Black and white colored objects
61,visual_transformer_resblocks_0,61,Designs
62,visual_transformer_resblocks_0,62,Items with designs
63,visual_transformer_resblocks_0,63,Yellow and red objects
64,visual_transformer_resblocks_0,64,The ground
65,visual_transformer_resblocks_0,65,Nature
66,visual_transformer_resblocks_0,66,The ground
67,visual_transformer_resblocks_0,67,Stripes
68,visual_transformer_resblocks_0,68,The ground
69,visual_transformer_resblocks_0,69,Specific patterns
70,visual_transformer_resblocks_0,70,Numbers and letters
71,visual_transformer_resblocks_0,71,The ground
72,visual_transformer_resblocks_0,72,Horizontal lines
73,visual_transformer_resblocks_0,73,Red and white objects
74,visual_transformer_resblocks_0,74,The ground
75,visual_transformer_resblocks_0,75,Red and white colored objects
76,visual_transformer_resblocks_0,76,The ground
77,visual_transformer_resblocks_0,77,Items with designs
78,visual_transformer_resblocks_0,78,Green grass
79,visual_transformer_resblocks_0,79,Items with designs
80,visual_transformer_resblocks_0,80,Green grass
81,visual_transformer_resblocks_0,81,The background
82,visual_transformer_resblocks_0,82,Black and white colored objects
83,visual_transformer_resblocks_0,83,Nature
84,visual_transformer_resblocks_0,84,The ground
85,visual_transformer_resblocks_0,85,Red and white colored objects
86,visual_transformer_resblocks_0,86,Horizontal lines
87,visual_transformer_resblocks_0,87,The ground
88,visual_transformer_resblocks_0,88,Similar patterns
89,visual_transformer_resblocks_0,89,Red and blue objects
90,visual_transformer_resblocks_0,90,Red and yellow objects
91,visual_transformer_resblocks_0,91,Similar patterns
92,visual_transformer_resblocks_0,92,The ground
93,visual_transformer_resblocks_0,93,Nature
94,visual_transformer_resblocks_0,94,The ground
95,visual_transformer_resblocks_0,95,Grass and trees
96,visual_transformer_resblocks_0,96,The ground
97,visual_transformer_resblocks_0,97,Textured areas
98,visual_transformer_resblocks_0,98,The top of a building
99,visual_transformer_resblocks_0,99,Brown colored objects
100,visual_transformer_resblocks_0,100,The ground
101,visual_transformer_resblocks_0,101,The ground
102,visual_transformer_resblocks_0,102,Nature
103,visual_transformer_resblocks_0,103,The ground
104,visual_transformer_resblocks_0,104,Circular objects
105,visual_transformer_resblocks_0,105,Rounded edges in pictures
106,visual_transformer_resblocks_0,106,Circular objects
107,visual_transformer_resblocks_0,107,Striped objects
108,visual_transformer_resblocks_0,108,Textured areas
109,visual_transformer_resblocks_0,109,Green grass
110,visual_transformer_resblocks_0,110,The ground
111,visual_transformer_resblocks_0,111,Diagonal lines
112,visual_transformer_resblocks_0,112,Brown colored objects
113,visual_transformer_resblocks_0,113,Faces of human beings
114,visual_transformer_resblocks_0,114,The ground
115,visual_transformer_resblocks_0,115,Horizontal lines
116,visual_transformer_resblocks_0,116,Dots
117,visual_transformer_resblocks_0,117,Striped objects
118,visual_transformer_resblocks_0,118,Faces of human beings
119,visual_transformer_resblocks_0,119,Lined objects
120,visual_transformer_resblocks_0,120,Nature
121,visual_transformer_resblocks_0,121,Textured areas
122,visual_transformer_resblocks_0,122,Green grass
123,visual_transformer_resblocks_0,123,Black and white colored objects
124,visual_transformer_resblocks_0,124,Black and white stripes
125,visual_transformer_resblocks_0,125,Horizontal lines
126,visual_transformer_resblocks_0,126,Similar color patterns
127,visual_transformer_resblocks_0,127,The ground
128,visual_transformer_resblocks_0,128,Horizontal lines
129,visual_transformer_resblocks_0,129,The ground
130,visual_transformer_resblocks_0,130,Animals
131,visual_transformer_resblocks_0,131,Textured areas
132,visual_transformer_resblocks_0,132,The ground
133,visual_transformer_resblocks_0,133,The left side of the object
134,visual_transformer_resblocks_0,134,Stripes
135,visual_transformer_resblocks_0,135,Red and white colored objects
136,visual_transformer_resblocks_0,136,Stripes
137,visual_transformer_resblocks_0,137,The ground
138,visual_transformer_resblocks_0,138,Patterned objects
139,visual_transformer_resblocks_0,139,Arches
140,visual_transformer_resblocks_0,140,The ground
141,visual_transformer_resblocks_0,141,Similar color patterns
142,visual_transformer_resblocks_0,142,Green colored objects
143,visual_transformer_resblocks_0,143,The ground
144,visual_transformer_resblocks_0,144,Items with designs
145,visual_transformer_resblocks_0,145,The ground
146,visual_transformer_resblocks_0,146,Nature
147,visual_transformer_resblocks_0,147,The sky and walls
148,visual_transformer_resblocks_0,148,Square patterns
149,visual_transformer_resblocks_0,149,Items with designs
150,visual_transformer_resblocks_0,150,The ground
151,visual_transformer_resblocks_0,151,Black and white colored objects
152,visual_transformer_resblocks_0,152,Similar patterns
153,visual_transformer_resblocks_0,153,Black and white colored objects
154,visual_transformer_resblocks_0,154,Black and white colored objects
155,visual_transformer_resblocks_0,155,Orange and yellow objects
156,visual_transformer_resblocks_0,156,The ground
157,visual_transformer_resblocks_0,157,Green colored objects
158,visual_transformer_resblocks_0,158,Similar color patterns
159,visual_transformer_resblocks_0,159,Blue objects
160,visual_transformer_resblocks_0,160,Blue colored objects
161,visual_transformer_resblocks_0,161,Black and white stripes
162,visual_transformer_resblocks_0,162,The ground
163,visual_transformer_resblocks_0,163,The ground
164,visual_transformer_resblocks_0,164,Red and white colored objects
165,visual_transformer_resblocks_0,165,Items with designs
166,visual_transformer_resblocks_0,166,The ground
167,visual_transformer_resblocks_0,167,Red and white objects
168,visual_transformer_resblocks_0,168,Similar patterns
169,visual_transformer_resblocks_0,169,Items that are knitted
170,visual_transformer_resblocks_0,170,Dogs and other animals
171,visual_transformer_resblocks_0,171,Edges of objects
172,visual_transformer_resblocks_0,172,The ground
173,visual_transformer_resblocks_0,173,Horizontal lines
174,visual_transformer_resblocks_0,174,Vertical lines
175,visual_transformer_resblocks_0,175,The ground
176,visual_transformer_resblocks_0,176,Diagonal lines
177,visual_transformer_resblocks_0,177,Similar patterns
178,visual_transformer_resblocks_0,178,Edges of objects
179,visual_transformer_resblocks_0,179,Items with designs
180,visual_transformer_resblocks_0,180,Dog heads
181,visual_transformer_resblocks_0,181,Brown colored objects
182,visual_transformer_resblocks_0,182,Horizontal lines
183,visual_transformer_resblocks_0,183,Green grass
184,visual_transformer_resblocks_0,184,Textured areas
185,visual_transformer_resblocks_0,185,The ground
186,visual_transformer_resblocks_0,186,The ground
187,visual_transformer_resblocks_0,187,Brown colored objects
188,visual_transformer_resblocks_0,188,Black and white stripes
189,visual_transformer_resblocks_0,189,Brown colored objects
190,visual_transformer_resblocks_0,190,Black and white stripes
191,visual_transformer_resblocks_0,191,The ground
192,visual_transformer_resblocks_0,192,Stripes
193,visual_transformer_resblocks_0,193,Textured areas
194,visual_transformer_resblocks_0,194,The ground
195,visual_transformer_resblocks_0,195,Circular objects
196,visual_transformer_resblocks_0,196,Arches
197,visual_transformer_resblocks_0,197,The ground
198,visual_transformer_resblocks_0,198,Horizontal lines
199,visual_transformer_resblocks_0,199,The ground
200,visual_transformer_resblocks_0,200,Textured areas
201,visual_transformer_resblocks_0,201,Similar patterns
202,visual_transformer_resblocks_0,202,The ground
203,visual_transformer_resblocks_0,203,Red objects
204,visual_transformer_resblocks_0,204,Items with designs
205,visual_transformer_resblocks_0,205,Grids
206,visual_transformer_resblocks_0,206,Nature
207,visual_transformer_resblocks_0,207,Circular objects
208,visual_transformer_resblocks_0,208,Vertical lines
209,visual_transformer_resblocks_0,209,The ground
210,visual_transformer_resblocks_0,210,Circular objects
211,visual_transformer_resblocks_0,211,The ground
212,visual_transformer_resblocks_0,212,Grass and trees
213,visual_transformer_resblocks_0,213,The ground
214,visual_transformer_resblocks_0,214,Horizontal lines
215,visual_transformer_resblocks_0,215,Designs
216,visual_transformer_resblocks_0,216,Items with designs
217,visual_transformer_resblocks_0,217,Circular objects
218,visual_transformer_resblocks_0,218,Designs
219,visual_transformer_resblocks_0,219,Items with designs
220,visual_transformer_resblocks_0,220,The ground
221,visual_transformer_resblocks_0,221,Red and white colored objects
222,visual_transformer_resblocks_0,222,Patterns
223,visual_transformer_resblocks_0,223,Pink colored objects
224,visual_transformer_resblocks_0,224,Heads of peoples
225,visual_transformer_resblocks_0,225,Green colored objects
226,visual_transformer_resblocks_0,226,Items with designs
227,visual_transformer_resblocks_0,227,Items with designs
228,visual_transformer_resblocks_0,228,Edges of objects
229,visual_transformer_resblocks_0,229,Similar color patterns
230,visual_transformer_resblocks_0,230,Similar patterns
231,visual_transformer_resblocks_0,231,The ground
232,visual_transformer_resblocks_0,232,Designs
233,visual_transformer_resblocks_0,233,Grass
234,visual_transformer_resblocks_0,234,The ground
235,visual_transformer_resblocks_0,235,Black and white color combination
236,visual_transformer_resblocks_0,236,Black and white colored objects
237,visual_transformer_resblocks_0,237,The ground
238,visual_transformer_resblocks_0,238,The ground
239,visual_transformer_resblocks_0,239,Green colored objects
240,visual_transformer_resblocks_0,240,The ground
241,visual_transformer_resblocks_0,241,The top of a building
242,visual_transformer_resblocks_0,242,Black and white colored objects
243,visual_transformer_resblocks_0,243,The ground
244,visual_transformer_resblocks_0,244,The ground
245,visual_transformer_resblocks_0,245,Horizontal lines
246,visual_transformer_resblocks_0,246,Items with designs
247,visual_transformer_resblocks_0,247,The ground
248,visual_transformer_resblocks_0,248,Circular objects
249,visual_transformer_resblocks_0,249,Horizontal lines
250,visual_transformer_resblocks_0,250,Circular objects
251,visual_transformer_resblocks_0,251,The ground
252,visual_transformer_resblocks_0,252,Items with designs
253,visual_transformer_resblocks_0,253,Red and white colored objects
254,visual_transformer_resblocks_0,254,Items with designs
255,visual_transformer_resblocks_0,255,The background
256,visual_transformer_resblocks_0,256,Black and white colored objects
257,visual_transformer_resblocks_0,257,Horizontal lines on objects
258,visual_transformer_resblocks_0,258,The ground
259,visual_transformer_resblocks_0,259,Green grass
260,visual_transformer_resblocks_0,260,Red and white colored objects
261,visual_transformer_resblocks_0,261,Orange and red objects
262,visual_transformer_resblocks_0,262,Edges of objects
263,visual_transformer_resblocks_0,263,The ground
264,visual_transformer_resblocks_0,264,Textured areas
265,visual_transformer_resblocks_0,265,The ground
266,visual_transformer_resblocks_0,266,Horizontal lines
267,visual_transformer_resblocks_0,267,Designs
268,visual_transformer_resblocks_0,268,Nature
269,visual_transformer_resblocks_0,269,Items that are knitted and cheetahs
270,visual_transformer_resblocks_0,270,Black and white stripes
271,visual_transformer_resblocks_0,271,Similar patterns
272,visual_transformer_resblocks_0,272,Designs
273,visual_transformer_resblocks_0,273,Vertical lines
274,visual_transformer_resblocks_0,274,The ground
275,visual_transformer_resblocks_0,275,Grass and watermarks
276,visual_transformer_resblocks_0,276,Green grass
277,visual_transformer_resblocks_0,277,Red and white colored objects
278,visual_transformer_resblocks_0,278,Black and white colored objects
279,visual_transformer_resblocks_0,279,Stripes
280,visual_transformer_resblocks_0,280,The ground
281,visual_transformer_resblocks_0,281,The ground
282,visual_transformer_resblocks_0,282,Horizontal lines
283,visual_transformer_resblocks_0,283,Textured areas
284,visual_transformer_resblocks_0,284,Similar patterns
285,visual_transformer_resblocks_0,285,The ground
286,visual_transformer_resblocks_0,286,Similar patterns
287,visual_transformer_resblocks_0,287,Dogs and other animals
288,visual_transformer_resblocks_0,288,Red and white objects
289,visual_transformer_resblocks_0,289,Textured areas
290,visual_transformer_resblocks_0,290,The ground
291,visual_transformer_resblocks_0,291,Green colored objects
292,visual_transformer_resblocks_0,292,Black and white stripes
293,visual_transformer_resblocks_0,293,Designs
294,visual_transformer_resblocks_0,294,Pink colored objects
295,visual_transformer_resblocks_0,295,The ground
296,visual_transformer_resblocks_0,296,Items with designs
297,visual_transformer_resblocks_0,297,The ground
298,visual_transformer_resblocks_0,298,The ground
299,visual_transformer_resblocks_0,299,The ground
300,visual_transformer_resblocks_0,300,Black and white colored objects
301,visual_transformer_resblocks_0,301,Brown colored objects
302,visual_transformer_resblocks_0,302,The ground
303,visual_transformer_resblocks_0,303,Items that are knitted and cheetahs
304,visual_transformer_resblocks_0,304,Horizontal lines
305,visual_transformer_resblocks_0,305,Circular objects
306,visual_transformer_resblocks_0,306,Circular objects
307,visual_transformer_resblocks_0,307,Nature
308,visual_transformer_resblocks_0,308,Designs
309,visual_transformer_resblocks_0,309,Green colored objects
310,visual_transformer_resblocks_0,310,Green colored objects
311,visual_transformer_resblocks_0,311,Stripes
312,visual_transformer_resblocks_0,312,Diagonal lines
313,visual_transformer_resblocks_0,313,The ground
314,visual_transformer_resblocks_0,314,The ground
315,visual_transformer_resblocks_0,315,Items with designs
316,visual_transformer_resblocks_0,316,Black and white stripes
317,visual_transformer_resblocks_0,317,Items with designs
318,visual_transformer_resblocks_0,318,The ground
319,visual_transformer_resblocks_0,319,Horizontal lines
320,visual_transformer_resblocks_0,320,Patterned objects
321,visual_transformer_resblocks_0,321,Circular objects
322,visual_transformer_resblocks_0,322,Airplanes
323,visual_transformer_resblocks_0,323,The ground
324,visual_transformer_resblocks_0,324,The ground
325,visual_transformer_resblocks_0,325,Designs
326,visual_transformer_resblocks_0,326,The ground
327,visual_transformer_resblocks_0,327,Horizontal lines
328,visual_transformer_resblocks_0,328,The ground
329,visual_transformer_resblocks_0,329,Textured areas
330,visual_transformer_resblocks_0,330,Horizontal lines
331,visual_transformer_resblocks_0,331,Similar color patterns
332,visual_transformer_resblocks_0,332,Black and white colored objects
333,visual_transformer_resblocks_0,333,Green colored objects
334,visual_transformer_resblocks_0,334,Circular objects
335,visual_transformer_resblocks_0,335,Designs
336,visual_transformer_resblocks_0,336,Black and white colored objects
337,visual_transformer_resblocks_0,337,The ground
338,visual_transformer_resblocks_0,338,Items with designs
339,visual_transformer_resblocks_0,339,The ground
340,visual_transformer_resblocks_0,340,The ground
341,visual_transformer_resblocks_0,341,Flags
342,visual_transformer_resblocks_0,342,Red and white colored objects
343,visual_transformer_resblocks_0,343,Black and white colored objects
344,visual_transformer_resblocks_0,344,The background
345,visual_transformer_resblocks_0,345,Rounded objects
346,visual_transformer_resblocks_0,346,Nature
347,visual_transformer_resblocks_0,347,The ground
348,visual_transformer_resblocks_0,348,Black and white objects
349,visual_transformer_resblocks_0,349,Black and white color combination
350,visual_transformer_resblocks_0,350,Green colored objects
351,visual_transformer_resblocks_0,351,Faces of human beings
352,visual_transformer_resblocks_0,352,The ground
353,visual_transformer_resblocks_0,353,The ground
354,visual_transformer_resblocks_0,354,Red objects
355,visual_transformer_resblocks_0,355,Designs
356,visual_transformer_resblocks_0,356,Similar patterns
357,visual_transformer_resblocks_0,357,The ground
358,visual_transformer_resblocks_0,358,Designs
359,visual_transformer_resblocks_0,359,Items with designs
360,visual_transformer_resblocks_0,360,"The sky, walls, and walls"
361,visual_transformer_resblocks_0,361,Black and white colored objects
362,visual_transformer_resblocks_0,362,Blue and red objects
363,visual_transformer_resblocks_0,363,Similar patterns
364,visual_transformer_resblocks_0,364,The ground
365,visual_transformer_resblocks_0,365,Green grass
366,visual_transformer_resblocks_0,366,The ground
367,visual_transformer_resblocks_0,367,Items with designs
368,visual_transformer_resblocks_0,368,Patterned objects
369,visual_transformer_resblocks_0,369,The ground
370,visual_transformer_resblocks_0,370,Green colored objects
371,visual_transformer_resblocks_0,371,Red and white colored objects
372,visual_transformer_resblocks_0,372,The ground
373,visual_transformer_resblocks_0,373,Arches
374,visual_transformer_resblocks_0,374,Red and white colored objects
375,visual_transformer_resblocks_0,375,Circular objects
376,visual_transformer_resblocks_0,376,The ground
377,visual_transformer_resblocks_0,377,Green grass
378,visual_transformer_resblocks_0,378,Items with designs
379,visual_transformer_resblocks_0,379,Nature
380,visual_transformer_resblocks_0,380,Stripes
381,visual_transformer_resblocks_0,381,The ground
382,visual_transformer_resblocks_0,382,Items with designs
383,visual_transformer_resblocks_0,383,Items with designs
384,visual_transformer_resblocks_0,384,Striped objects
385,visual_transformer_resblocks_0,385,Items with designs
386,visual_transformer_resblocks_0,386,The ground
387,visual_transformer_resblocks_0,387,Red and white colored objects
388,visual_transformer_resblocks_0,388,Fur of animals
389,visual_transformer_resblocks_0,389,The ground
390,visual_transformer_resblocks_0,390,Similar color patterns
391,visual_transformer_resblocks_0,391,The ground
392,visual_transformer_resblocks_0,392,Items that are knitted and cheetahs
393,visual_transformer_resblocks_0,393,Items with designs
394,visual_transformer_resblocks_0,394,Brighter areas in objects
395,visual_transformer_resblocks_0,395,Red and white colored objects
396,visual_transformer_resblocks_0,396,Items with designs
397,visual_transformer_resblocks_0,397,The ground
398,visual_transformer_resblocks_0,398,The ground
399,visual_transformer_resblocks_0,399,Green grass
400,visual_transformer_resblocks_0,400,Red and white colored objects
401,visual_transformer_resblocks_0,401,The ground
402,visual_transformer_resblocks_0,402,Numbers and letters
403,visual_transformer_resblocks_0,403,Brown colored objects
404,visual_transformer_resblocks_0,404,Similar color patterns
405,visual_transformer_resblocks_0,405,The ground
406,visual_transformer_resblocks_0,406,The ground
407,visual_transformer_resblocks_0,407,The ground
408,visual_transformer_resblocks_0,408,Circular objects
409,visual_transformer_resblocks_0,409,The ground
410,visual_transformer_resblocks_0,410,Green colored objects
411,visual_transformer_resblocks_0,411,Circular objects
412,visual_transformer_resblocks_0,412,Blue skies
413,visual_transformer_resblocks_0,413,Horizontal lines
414,visual_transformer_resblocks_0,414,Items with designs
415,visual_transformer_resblocks_0,415,Green colored objects
416,visual_transformer_resblocks_0,416,The ground
417,visual_transformer_resblocks_0,417,Red and white objects
418,visual_transformer_resblocks_0,418,Dogs
419,visual_transformer_resblocks_0,419,The ground
420,visual_transformer_resblocks_0,420,The ground
421,visual_transformer_resblocks_0,421,Black and white stripes
422,visual_transformer_resblocks_0,422,The ground
423,visual_transformer_resblocks_0,423,Nature
424,visual_transformer_resblocks_0,424,The background
425,visual_transformer_resblocks_0,425,Numbers and letters
426,visual_transformer_resblocks_0,426,The ground
427,visual_transformer_resblocks_0,427,Items with designs
428,visual_transformer_resblocks_0,428,Vertical lines
429,visual_transformer_resblocks_0,429,Items with designs
430,visual_transformer_resblocks_0,430,Textured areas
431,visual_transformer_resblocks_0,431,The ground
432,visual_transformer_resblocks_0,432,Red and white colored objects
433,visual_transformer_resblocks_0,433,Yellow objects
434,visual_transformer_resblocks_0,434,The ground
435,visual_transformer_resblocks_0,435,Circular objects
436,visual_transformer_resblocks_0,436,Similar patterns
437,visual_transformer_resblocks_0,437,The background
438,visual_transformer_resblocks_0,438,Stripes
439,visual_transformer_resblocks_0,439,Red and white objects
440,visual_transformer_resblocks_0,440,The ground
441,visual_transformer_resblocks_0,441,Animals and people
442,visual_transformer_resblocks_0,442,Horizontal lines
443,visual_transformer_resblocks_0,443,Grids
444,visual_transformer_resblocks_0,444,Pink colored objects
445,visual_transformer_resblocks_0,445,Textured areas
446,visual_transformer_resblocks_0,446,Green grass
447,visual_transformer_resblocks_0,447,Grass
448,visual_transformer_resblocks_0,448,Black and white colored objects
449,visual_transformer_resblocks_0,449,Green grass
450,visual_transformer_resblocks_0,450,The ground
451,visual_transformer_resblocks_0,451,The ground
452,visual_transformer_resblocks_0,452,Vertical lines
453,visual_transformer_resblocks_0,453,Striped objects
454,visual_transformer_resblocks_0,454,White colored objects
455,visual_transformer_resblocks_0,455,Vertical lines
456,visual_transformer_resblocks_0,456,The ground
457,visual_transformer_resblocks_0,457,Textured areas
458,visual_transformer_resblocks_0,458,The ground
459,visual_transformer_resblocks_0,459,Textured areas
460,visual_transformer_resblocks_0,460,The ground
461,visual_transformer_resblocks_0,461,Circular objects
462,visual_transformer_resblocks_0,462,The ground
463,visual_transformer_resblocks_0,463,Red and white colored objects
464,visual_transformer_resblocks_0,464,The ground
465,visual_transformer_resblocks_0,465,Patterned objects
466,visual_transformer_resblocks_0,466,Round objects
467,visual_transformer_resblocks_0,467,Green grass
468,visual_transformer_resblocks_0,468,Black and white stripes
469,visual_transformer_resblocks_0,469,Green colored objects
470,visual_transformer_resblocks_0,470,The top of a object
471,visual_transformer_resblocks_0,471,Vertical lines
472,visual_transformer_resblocks_0,472,Green colored objects
473,visual_transformer_resblocks_0,473,Circular objects
474,visual_transformer_resblocks_0,474,Horizontal lines
475,visual_transformer_resblocks_0,475,Circular objects
476,visual_transformer_resblocks_0,476,Edges of objects
477,visual_transformer_resblocks_0,477,The ground
478,visual_transformer_resblocks_0,478,The ground
479,visual_transformer_resblocks_0,479,Circular objects
480,visual_transformer_resblocks_0,480,Black and white stripes
481,visual_transformer_resblocks_0,481,Black and white stripes
482,visual_transformer_resblocks_0,482,Designs
483,visual_transformer_resblocks_0,483,The ground
484,visual_transformer_resblocks_0,484,Vertical lines
485,visual_transformer_resblocks_0,485,Round objects
486,visual_transformer_resblocks_0,486,Green colored objects
487,visual_transformer_resblocks_0,487,Nature
488,visual_transformer_resblocks_0,488,The ground
489,visual_transformer_resblocks_0,489,The ground
490,visual_transformer_resblocks_0,490,Black and white stripes
491,visual_transformer_resblocks_0,491,The ground
492,visual_transformer_resblocks_0,492,Pink colored objects
493,visual_transformer_resblocks_0,493,Dogs
494,visual_transformer_resblocks_0,494,The ground
495,visual_transformer_resblocks_0,495,The ground
496,visual_transformer_resblocks_0,496,The ground
497,visual_transformer_resblocks_0,497,Horizontal lines
498,visual_transformer_resblocks_0,498,Animals and people
499,visual_transformer_resblocks_0,499,Horizontal lines
500,visual_transformer_resblocks_0,500,Spots of the color white
501,visual_transformer_resblocks_0,501,The ground
502,visual_transformer_resblocks_0,502,Black and white stripes
503,visual_transformer_resblocks_0,503,Nature
504,visual_transformer_resblocks_0,504,The ground
505,visual_transformer_resblocks_0,505,Dots
506,visual_transformer_resblocks_0,506,The ground
507,visual_transformer_resblocks_0,507,Rounded edges in pictures
508,visual_transformer_resblocks_0,508,The ground
509,visual_transformer_resblocks_0,509,Patterned objects
510,visual_transformer_resblocks_0,510,Blue objects
511,visual_transformer_resblocks_0,511,Signage and vehicles
512,visual_transformer_resblocks_0,512,Areas around a central focus
513,visual_transformer_resblocks_0,513,Words and letters
514,visual_transformer_resblocks_0,514,Textured areas
515,visual_transformer_resblocks_0,515,Green grass
516,visual_transformer_resblocks_0,516,Designs
517,visual_transformer_resblocks_0,517,Green colored objects
518,visual_transformer_resblocks_0,518,Stripes
519,visual_transformer_resblocks_0,519,The ground
520,visual_transformer_resblocks_0,520,Nature
521,visual_transformer_resblocks_0,521,Rounded objects
522,visual_transformer_resblocks_0,522,The ground
523,visual_transformer_resblocks_0,523,The ground
524,visual_transformer_resblocks_0,524,The ground
525,visual_transformer_resblocks_0,525,Green colored objects
526,visual_transformer_resblocks_0,526,Dog ears
527,visual_transformer_resblocks_0,527,Edges of objects
528,visual_transformer_resblocks_0,528,The ground
529,visual_transformer_resblocks_0,529,Red and white objects
530,visual_transformer_resblocks_0,530,Dogs
531,visual_transformer_resblocks_0,531,Vertical lines
532,visual_transformer_resblocks_0,532,Striped objects
533,visual_transformer_resblocks_0,533,Red and white colored objects
534,visual_transformer_resblocks_0,534,Stripes
535,visual_transformer_resblocks_0,535,Stripes
536,visual_transformer_resblocks_0,536,Textured areas
537,visual_transformer_resblocks_0,537,People and animals
538,visual_transformer_resblocks_0,538,The ground
539,visual_transformer_resblocks_0,539,Items with designs
540,visual_transformer_resblocks_0,540,Fire and organs
541,visual_transformer_resblocks_0,541,Items with designs
542,visual_transformer_resblocks_0,542,The ground
543,visual_transformer_resblocks_0,543,The ground
544,visual_transformer_resblocks_0,544,The ground
545,visual_transformer_resblocks_0,545,Circular objects
546,visual_transformer_resblocks_0,546,Nature
547,visual_transformer_resblocks_0,547,Blue colored objects
548,visual_transformer_resblocks_0,548,Animals and grates
549,visual_transformer_resblocks_0,549,Circular objects
550,visual_transformer_resblocks_0,550,The ground
551,visual_transformer_resblocks_0,551,Diagonal lines
552,visual_transformer_resblocks_0,552,Nature
553,visual_transformer_resblocks_0,553,Brown colored objects
554,visual_transformer_resblocks_0,554,Nature
555,visual_transformer_resblocks_0,555,Green grass
556,visual_transformer_resblocks_0,556,Green colored objects
557,visual_transformer_resblocks_0,557,Patterns
558,visual_transformer_resblocks_0,558,The ground
559,visual_transformer_resblocks_0,559,Similar patterns
560,visual_transformer_resblocks_0,560,Faces of things
561,visual_transformer_resblocks_0,561,Items with designs
562,visual_transformer_resblocks_0,562,Textured areas
563,visual_transformer_resblocks_0,563,Green and brown colored objects
564,visual_transformer_resblocks_0,564,The ground
565,visual_transformer_resblocks_0,565,Patterned objects
566,visual_transformer_resblocks_0,566,Red and orange objects
567,visual_transformer_resblocks_0,567,The ground
568,visual_transformer_resblocks_0,568,Horizontal lines
569,visual_transformer_resblocks_0,569,The ground
570,visual_transformer_resblocks_0,570,Dogs
571,visual_transformer_resblocks_0,571,Similar color patterns
572,visual_transformer_resblocks_0,572,The ground
573,visual_transformer_resblocks_0,573,Edges of objects
574,visual_transformer_resblocks_0,574,The background
575,visual_transformer_resblocks_0,575,The ground
576,visual_transformer_resblocks_0,576,Striped objects
577,visual_transformer_resblocks_0,577,Red and white colored objects
578,visual_transformer_resblocks_0,578,Animals and circular objects
579,visual_transformer_resblocks_0,579,Stripes
580,visual_transformer_resblocks_0,580,White colored objects
581,visual_transformer_resblocks_0,581,Stripes
582,visual_transformer_resblocks_0,582,The ground
583,visual_transformer_resblocks_0,583,The left side of objects
584,visual_transformer_resblocks_0,584,Items with designs
585,visual_transformer_resblocks_0,585,The left side of objects
586,visual_transformer_resblocks_0,586,The ground
587,visual_transformer_resblocks_0,587,Similar patterns
588,visual_transformer_resblocks_0,588,Yellow and red objects
589,visual_transformer_resblocks_0,589,The ground
590,visual_transformer_resblocks_0,590,Items with designs
591,visual_transformer_resblocks_0,591,Green objects
592,visual_transformer_resblocks_0,592,The ground
593,visual_transformer_resblocks_0,593,Similar color patterns
594,visual_transformer_resblocks_0,594,The ground
595,visual_transformer_resblocks_0,595,The left side of the object
596,visual_transformer_resblocks_0,596,Circular objects
597,visual_transformer_resblocks_0,597,The ground
598,visual_transformer_resblocks_0,598,The ground
599,visual_transformer_resblocks_0,599,The ground
600,visual_transformer_resblocks_0,600,The ground
601,visual_transformer_resblocks_0,601,Edges of objects
602,visual_transformer_resblocks_0,602,Red objects
603,visual_transformer_resblocks_0,603,Red and white colored objects
604,visual_transformer_resblocks_0,604,The ground
605,visual_transformer_resblocks_0,605,The ground
606,visual_transformer_resblocks_0,606,Horizontal lines
607,visual_transformer_resblocks_0,607,Red and white colored objects
608,visual_transformer_resblocks_0,608,Circular objects
609,visual_transformer_resblocks_0,609,Round objects
610,visual_transformer_resblocks_0,610,Red and white objects
611,visual_transformer_resblocks_0,611,Items with designs
612,visual_transformer_resblocks_0,612,Black and white colored objects
613,visual_transformer_resblocks_0,613,Nature
614,visual_transformer_resblocks_0,614,Rectangular shaped objects
615,visual_transformer_resblocks_0,615,The ground
616,visual_transformer_resblocks_0,616,Stripes
617,visual_transformer_resblocks_0,617,Similar patterns
618,visual_transformer_resblocks_0,618,The ground
619,visual_transformer_resblocks_0,619,Diagonal lines
620,visual_transformer_resblocks_0,620,Patterned objects
621,visual_transformer_resblocks_0,621,Dog heads
622,visual_transformer_resblocks_0,622,The ground
623,visual_transformer_resblocks_0,623,Numbers and letters
624,visual_transformer_resblocks_0,624,Yellow and red objects
625,visual_transformer_resblocks_0,625,Grates and stripes
626,visual_transformer_resblocks_0,626,The ground
627,visual_transformer_resblocks_0,627,Nature
628,visual_transformer_resblocks_0,628,White backgrounds
629,visual_transformer_resblocks_0,629,Designs
630,visual_transformer_resblocks_0,630,Red and white objects
631,visual_transformer_resblocks_0,631,Sign boards with text in it
632,visual_transformer_resblocks_0,632,Circular objects
633,visual_transformer_resblocks_0,633,The ground
634,visual_transformer_resblocks_0,634,The ground
635,visual_transformer_resblocks_0,635,The ground
636,visual_transformer_resblocks_0,636,Spherical objects
637,visual_transformer_resblocks_0,637,Items with designs
638,visual_transformer_resblocks_0,638,Green colored objects
639,visual_transformer_resblocks_0,639,Spotted areas in pictures
640,visual_transformer_resblocks_0,640,Vertical lines
641,visual_transformer_resblocks_0,641,Nature
642,visual_transformer_resblocks_0,642,Vertical lines
643,visual_transformer_resblocks_0,643,Black and white colored objects
644,visual_transformer_resblocks_0,644,Circular objects
645,visual_transformer_resblocks_0,645,Diagonal lines
646,visual_transformer_resblocks_0,646,Green colored objects
647,visual_transformer_resblocks_0,647,The ground
648,visual_transformer_resblocks_0,648,Green colored objects
649,visual_transformer_resblocks_0,649,Horizontal lines
650,visual_transformer_resblocks_0,650,Grids
651,visual_transformer_resblocks_0,651,Designs
652,visual_transformer_resblocks_0,652,The ground
653,visual_transformer_resblocks_0,653,The ground
654,visual_transformer_resblocks_0,654,The ground
655,visual_transformer_resblocks_0,655,Similar patterns
656,visual_transformer_resblocks_0,656,The ground
657,visual_transformer_resblocks_0,657,Spotted areas in pictures
658,visual_transformer_resblocks_0,658,Items that are knitted and cheetahs
659,visual_transformer_resblocks_0,659,Nature
660,visual_transformer_resblocks_0,660,The ground
661,visual_transformer_resblocks_0,661,The ground
662,visual_transformer_resblocks_0,662,Checkered objects
663,visual_transformer_resblocks_0,663,The ground
664,visual_transformer_resblocks_0,664,Black and white colored objects
665,visual_transformer_resblocks_0,665,Edges of objects
666,visual_transformer_resblocks_0,666,Spots of the color white
667,visual_transformer_resblocks_0,667,Green colored objects
668,visual_transformer_resblocks_0,668,Textured areas
669,visual_transformer_resblocks_0,669,Textured areas
670,visual_transformer_resblocks_0,670,Red and white colored objects
671,visual_transformer_resblocks_0,671,Black and white color combination
672,visual_transformer_resblocks_0,672,Vertical lines
673,visual_transformer_resblocks_0,673,Red and white colored objects
674,visual_transformer_resblocks_0,674,The ground
675,visual_transformer_resblocks_0,675,Items with designs
676,visual_transformer_resblocks_0,676,Nature
677,visual_transformer_resblocks_0,677,Items with designs
678,visual_transformer_resblocks_0,678,The ground
679,visual_transformer_resblocks_0,679,Edges of objects
680,visual_transformer_resblocks_0,680,The ground
681,visual_transformer_resblocks_0,681,Pink colored objects
682,visual_transformer_resblocks_0,682,Red and yellow objects
683,visual_transformer_resblocks_0,683,The ground
684,visual_transformer_resblocks_0,684,Black and white colored objects
685,visual_transformer_resblocks_0,685,Green colored objects
686,visual_transformer_resblocks_0,686,Green grass
687,visual_transformer_resblocks_0,687,Black and white color combination
688,visual_transformer_resblocks_0,688,The ground
689,visual_transformer_resblocks_0,689,The area above a object
690,visual_transformer_resblocks_0,690,Designs
691,visual_transformer_resblocks_0,691,Similar patterns
692,visual_transformer_resblocks_0,692,Black and white colored objects
693,visual_transformer_resblocks_0,693,The ground
694,visual_transformer_resblocks_0,694,The ground
695,visual_transformer_resblocks_0,695,Similar patterns
696,visual_transformer_resblocks_0,696,Circular objects
697,visual_transformer_resblocks_0,697,Items with designs
698,visual_transformer_resblocks_0,698,Black and white stripes
699,visual_transformer_resblocks_0,699,The ground
700,visual_transformer_resblocks_0,700,Plant life
701,visual_transformer_resblocks_0,701,The sky
702,visual_transformer_resblocks_0,702,Grass
703,visual_transformer_resblocks_0,703,Green grass
704,visual_transformer_resblocks_0,704,The ground
705,visual_transformer_resblocks_0,705,The ground
706,visual_transformer_resblocks_0,706,Small polka dot patterns
707,visual_transformer_resblocks_0,707,Nature
708,visual_transformer_resblocks_0,708,The ground
709,visual_transformer_resblocks_0,709,Green grass
710,visual_transformer_resblocks_0,710,Black and white colored objects
711,visual_transformer_resblocks_0,711,The ground
712,visual_transformer_resblocks_0,712,The ground
713,visual_transformer_resblocks_0,713,The ground
714,visual_transformer_resblocks_0,714,Red and white colored objects
715,visual_transformer_resblocks_0,715,Stripes
716,visual_transformer_resblocks_0,716,The sky or walls
717,visual_transformer_resblocks_0,717,The ground
718,visual_transformer_resblocks_0,718,Textured areas
719,visual_transformer_resblocks_0,719,Items with designs
720,visual_transformer_resblocks_0,720,Circular objects
721,visual_transformer_resblocks_0,721,Red and yellow objects
722,visual_transformer_resblocks_0,722,The left side of a object
723,visual_transformer_resblocks_0,723,Nature
724,visual_transformer_resblocks_0,724,Pink colored objects
725,visual_transformer_resblocks_0,725,Circular objects
726,visual_transformer_resblocks_0,726,The ground
727,visual_transformer_resblocks_0,727,The ground
728,visual_transformer_resblocks_0,728,The ground
729,visual_transformer_resblocks_0,729,Faces of human beings
730,visual_transformer_resblocks_0,730,Similar patterns
731,visual_transformer_resblocks_0,731,The left side of the object
732,visual_transformer_resblocks_0,732,Similar patterns
733,visual_transformer_resblocks_0,733,The left side of a object
734,visual_transformer_resblocks_0,734,Red and orange objects
735,visual_transformer_resblocks_0,735,Vehicles
736,visual_transformer_resblocks_0,736,Black and white stripes
737,visual_transformer_resblocks_0,737,The background
738,visual_transformer_resblocks_0,738,Designs
739,visual_transformer_resblocks_0,739,The ground
740,visual_transformer_resblocks_0,740,Items with designs
741,visual_transformer_resblocks_0,741,Nature
742,visual_transformer_resblocks_0,742,The ground
743,visual_transformer_resblocks_0,743,The ground
744,visual_transformer_resblocks_0,744,Black and white objects
745,visual_transformer_resblocks_0,745,The left side of the object
746,visual_transformer_resblocks_0,746,Items with designs
747,visual_transformer_resblocks_0,747,Items with designs
748,visual_transformer_resblocks_0,748,Black and white colored objects
749,visual_transformer_resblocks_0,749,Blue objects
750,visual_transformer_resblocks_0,750,The ground
751,visual_transformer_resblocks_0,751,The ground
752,visual_transformer_resblocks_0,752,Typewriter
753,visual_transformer_resblocks_0,753,Horizontal lines
754,visual_transformer_resblocks_0,754,The ground
755,visual_transformer_resblocks_0,755,The ground
756,visual_transformer_resblocks_0,756,Numbers and letters
757,visual_transformer_resblocks_0,757,Circular objects
758,visual_transformer_resblocks_0,758,Blue objects
759,visual_transformer_resblocks_0,759,Horizontal lines
760,visual_transformer_resblocks_0,760,Words
761,visual_transformer_resblocks_0,761,Red and white colored objects
762,visual_transformer_resblocks_0,762,The ground
763,visual_transformer_resblocks_0,763,The ground
764,visual_transformer_resblocks_0,764,Stripes
765,visual_transformer_resblocks_0,765,The ground
766,visual_transformer_resblocks_0,766,The ground
767,visual_transformer_resblocks_0,767,The ground
768,visual_transformer_resblocks_11,0,Black and white colored objects
769,visual_transformer_resblocks_11,1,Diagonal lines
770,visual_transformer_resblocks_11,2,Red and white colored objects
771,visual_transformer_resblocks_11,3,Animals
772,visual_transformer_resblocks_11,4,Black and white objects
773,visual_transformer_resblocks_11,5,Sign boards with text in it
774,visual_transformer_resblocks_11,6,Wheels of vehicles
775,visual_transformer_resblocks_11,7,Blue sky and white objects
776,visual_transformer_resblocks_11,8,Red objects
777,visual_transformer_resblocks_11,9,Circular objects
778,visual_transformer_resblocks_11,10,Dogs and vehicles
779,visual_transformer_resblocks_11,11,Circular objects
780,visual_transformer_resblocks_11,12,White colored objects
781,visual_transformer_resblocks_11,13,Circular objects
782,visual_transformer_resblocks_11,14,Rounded edges in pictures
783,visual_transformer_resblocks_11,15,Red and white colored objects
784,visual_transformer_resblocks_11,16,Dogs
785,visual_transformer_resblocks_11,17,The sky
786,visual_transformer_resblocks_11,18,Dogs
787,visual_transformer_resblocks_11,19,Green and brown colored objects
788,visual_transformer_resblocks_11,20,Red and white objects
789,visual_transformer_resblocks_11,21,Numbers and letters
790,visual_transformer_resblocks_11,22,Blue skies and pets
791,visual_transformer_resblocks_11,23,Circular objects
792,visual_transformer_resblocks_11,24,Circular objects
793,visual_transformer_resblocks_11,25,Brown colored objects
794,visual_transformer_resblocks_11,26,Numbers and letters
795,visual_transformer_resblocks_11,27,Vehicles
796,visual_transformer_resblocks_11,28,Blue skies and white objects
797,visual_transformer_resblocks_11,29,People and clothing
798,visual_transformer_resblocks_11,30,Red and white colored objects
799,visual_transformer_resblocks_11,31,Red and white objects
800,visual_transformer_resblocks_11,32,Red objects
801,visual_transformer_resblocks_11,33,People and dogs
802,visual_transformer_resblocks_11,34,Airplanes
803,visual_transformer_resblocks_11,35,Green colored objects
804,visual_transformer_resblocks_11,36,Diagonal lines
805,visual_transformer_resblocks_11,37,Brown colored objects
806,visual_transformer_resblocks_11,38,Faces of human beings
807,visual_transformer_resblocks_11,39,Dogs and vehicles
808,visual_transformer_resblocks_11,40,Black and white objects
809,visual_transformer_resblocks_11,41,Stripes
810,visual_transformer_resblocks_11,42,Blue colored objects
811,visual_transformer_resblocks_11,43,Blue colored objects
812,visual_transformer_resblocks_11,44,Green grass
813,visual_transformer_resblocks_11,45,Trees
814,visual_transformer_resblocks_11,46,Red objects
815,visual_transformer_resblocks_11,47,Similar patterns
816,visual_transformer_resblocks_11,48,Circular objects
817,visual_transformer_resblocks_11,49,Black and white colored objects
818,visual_transformer_resblocks_11,50,Green and brown colored objects
819,visual_transformer_resblocks_11,51,Numbers and letters
820,visual_transformer_resblocks_11,52,Black and white colored objects
821,visual_transformer_resblocks_11,53,The sky
822,visual_transformer_resblocks_11,54,Arches
823,visual_transformer_resblocks_11,55,Red and white objects
824,visual_transformer_resblocks_11,56,Dogs and clothes
825,visual_transformer_resblocks_11,57,Pointy objects
826,visual_transformer_resblocks_11,58,Brown colored objects
827,visual_transformer_resblocks_11,59,Blue colored objects
828,visual_transformer_resblocks_11,60,Green colored objects
829,visual_transformer_resblocks_11,61,Round objects
830,visual_transformer_resblocks_11,62,Dog heads
831,visual_transformer_resblocks_11,63,The tops of buildings
832,visual_transformer_resblocks_11,64,Words
833,visual_transformer_resblocks_11,65,Words
834,visual_transformer_resblocks_11,66,The ground
835,visual_transformer_resblocks_11,67,Circular objects
836,visual_transformer_resblocks_11,68,Faces of people and animals
837,visual_transformer_resblocks_11,69,The top of a building
838,visual_transformer_resblocks_11,70,Pink colored objects
839,visual_transformer_resblocks_11,71,Text
840,visual_transformer_resblocks_11,72,Vehicles
841,visual_transformer_resblocks_11,73,The bottoms of vehicles
842,visual_transformer_resblocks_11,74,Long instruments
843,visual_transformer_resblocks_11,75,Black and white colored objects
844,visual_transformer_resblocks_11,76,Round objects
845,visual_transformer_resblocks_11,77,Red and white objects
846,visual_transformer_resblocks_11,78,Dog faces
847,visual_transformer_resblocks_11,79,Water in the sky
848,visual_transformer_resblocks_11,80,Round objects
849,visual_transformer_resblocks_11,81,Green colored objects
850,visual_transformer_resblocks_11,82,Pink colored objects
851,visual_transformer_resblocks_11,83,Circular objects
852,visual_transformer_resblocks_11,84,A motel sign
853,visual_transformer_resblocks_11,85,The ocean
854,visual_transformer_resblocks_11,86,Green colored objects
855,visual_transformer_resblocks_11,87,Electronics
856,visual_transformer_resblocks_11,88,Dogs
857,visual_transformer_resblocks_11,89,The top of a object
858,visual_transformer_resblocks_11,90,Red and white objects
859,visual_transformer_resblocks_11,91,Green colored objects
860,visual_transformer_resblocks_11,92,White colored objects
861,visual_transformer_resblocks_11,93,Windmills
862,visual_transformer_resblocks_11,94,Tops of cathedrals
863,visual_transformer_resblocks_11,95,Circular objects
864,visual_transformer_resblocks_11,96,Brown colored objects
865,visual_transformer_resblocks_11,97,Red and white objects
866,visual_transformer_resblocks_11,98,Brown colored objects
867,visual_transformer_resblocks_11,99,Arches
868,visual_transformer_resblocks_11,100,Circular objects
869,visual_transformer_resblocks_11,101,Green colored objects
870,visual_transformer_resblocks_11,102,Dog heads
871,visual_transformer_resblocks_11,103,Dog heads
872,visual_transformer_resblocks_11,104,Pink colored objects
873,visual_transformer_resblocks_11,105,Signage and signs
874,visual_transformer_resblocks_11,106,Red objects
875,visual_transformer_resblocks_11,107,Circular objects
876,visual_transformer_resblocks_11,108,Animals and circular objects
877,visual_transformer_resblocks_11,109,The ground
878,visual_transformer_resblocks_11,110,Round objects
879,visual_transformer_resblocks_11,111,Circular shaped objects
880,visual_transformer_resblocks_11,112,Horizontal lines
881,visual_transformer_resblocks_11,113,Blue skies and bodies
882,visual_transformer_resblocks_11,114,Words
883,visual_transformer_resblocks_11,115,The ground
884,visual_transformer_resblocks_11,116,Musical instruments and leashes
885,visual_transformer_resblocks_11,117,The ground
886,visual_transformer_resblocks_11,118,Rounded edges in pictures
887,visual_transformer_resblocks_11,119,Sign boards with text in it
888,visual_transformer_resblocks_11,120,Black and white objects
889,visual_transformer_resblocks_11,121,Nature
890,visual_transformer_resblocks_11,122,White colored objects
891,visual_transformer_resblocks_11,123,Black and white colored objects
892,visual_transformer_resblocks_11,124,Rounded edges in pictures
893,visual_transformer_resblocks_11,125,Faces of human beings
894,visual_transformer_resblocks_11,126,The ground
895,visual_transformer_resblocks_11,127,The tops of buildings
896,visual_transformer_resblocks_11,128,Animals and circular objects
897,visual_transformer_resblocks_11,129,Horizontal lines
898,visual_transformer_resblocks_11,130,Animals and instruments
899,visual_transformer_resblocks_11,131,Words
900,visual_transformer_resblocks_11,132,Black and white colored objects
901,visual_transformer_resblocks_11,133,Edges of objects
902,visual_transformer_resblocks_11,134,The top of towers
903,visual_transformer_resblocks_11,135,Arches
904,visual_transformer_resblocks_11,136,Brown colored objects
905,visual_transformer_resblocks_11,137,The left side of a object
906,visual_transformer_resblocks_11,138,The ground
907,visual_transformer_resblocks_11,139,Black and white objects
908,visual_transformer_resblocks_11,140,Green grass
909,visual_transformer_resblocks_11,141,The ground
910,visual_transformer_resblocks_11,142,Red and white objects
911,visual_transformer_resblocks_11,143,The ground
912,visual_transformer_resblocks_11,144,Brown colored objects
913,visual_transformer_resblocks_11,145,Red and white colored objects
914,visual_transformer_resblocks_11,146,Red and white objects
915,visual_transformer_resblocks_11,147,Circular objects
916,visual_transformer_resblocks_11,148,Red and white colored objects
917,visual_transformer_resblocks_11,149,Round objects
918,visual_transformer_resblocks_11,150,Rounded edges in pictures
919,visual_transformer_resblocks_11,151,The tops of buildings
920,visual_transformer_resblocks_11,152,The sky
921,visual_transformer_resblocks_11,153,The front of vehicles
922,visual_transformer_resblocks_11,154,The ground
923,visual_transformer_resblocks_11,155,Dogs
924,visual_transformer_resblocks_11,156,Circles
925,visual_transformer_resblocks_11,157,Signs and vehicles
926,visual_transformer_resblocks_11,158,Vehicles
927,visual_transformer_resblocks_11,159,Stripes
928,visual_transformer_resblocks_11,160,Sign boards with text in it
929,visual_transformer_resblocks_11,161,Flags
930,visual_transformer_resblocks_11,162,Red and white objects
931,visual_transformer_resblocks_11,163,People
932,visual_transformer_resblocks_11,164,Dog ears
933,visual_transformer_resblocks_11,165,Black and white colored objects
934,visual_transformer_resblocks_11,166,A semi truck
935,visual_transformer_resblocks_11,167,The sky
936,visual_transformer_resblocks_11,168,Circular objects
937,visual_transformer_resblocks_11,169,Green colored objects
938,visual_transformer_resblocks_11,170,Faces of human beings
939,visual_transformer_resblocks_11,171,Blue colored objects
940,visual_transformer_resblocks_11,172,Arches and circles
941,visual_transformer_resblocks_11,173,Arches
942,visual_transformer_resblocks_11,174,The ground
943,visual_transformer_resblocks_11,175,A sign
944,visual_transformer_resblocks_11,176,Red and white objects
945,visual_transformer_resblocks_11,177,Red and white colored objects
946,visual_transformer_resblocks_11,178,Red and white colored objects
947,visual_transformer_resblocks_11,179,Cars and planes
948,visual_transformer_resblocks_11,180,A sign
949,visual_transformer_resblocks_11,181,Signs
950,visual_transformer_resblocks_11,182,Signs
951,visual_transformer_resblocks_11,183,Diagonal lines
952,visual_transformer_resblocks_11,184,Water in the sky
953,visual_transformer_resblocks_11,185,Patterned objects
954,visual_transformer_resblocks_11,186,Red and white colored objects
955,visual_transformer_resblocks_11,187,Mobil gas sign
956,visual_transformer_resblocks_11,188,Numbers and letters
957,visual_transformer_resblocks_11,189,The tops of buildings
958,visual_transformer_resblocks_11,190,Numbers and letters
959,visual_transformer_resblocks_11,191,Brown colored objects
960,visual_transformer_resblocks_11,192,Animals and instruments
961,visual_transformer_resblocks_11,193,The ground
962,visual_transformer_resblocks_11,194,Circular objects
963,visual_transformer_resblocks_11,195,Green and yellow objects
964,visual_transformer_resblocks_11,196,Diagonal lines
965,visual_transformer_resblocks_11,197,The ground
966,visual_transformer_resblocks_11,198,Black and white colored objects
967,visual_transformer_resblocks_11,199,Stripes
968,visual_transformer_resblocks_11,200,Red and white colored objects
969,visual_transformer_resblocks_11,201,Green colored objects
970,visual_transformer_resblocks_11,202,The ground
971,visual_transformer_resblocks_11,203,The ground
972,visual_transformer_resblocks_11,204,Brown colored objects
973,visual_transformer_resblocks_11,205,Words
974,visual_transformer_resblocks_11,206,Blue colored objects
975,visual_transformer_resblocks_11,207,Black and white objects
976,visual_transformer_resblocks_11,208,Red and white colored objects
977,visual_transformer_resblocks_11,209,Trees
978,visual_transformer_resblocks_11,210,The ground
979,visual_transformer_resblocks_11,211,Rounded objects
980,visual_transformer_resblocks_11,212,Red and white objects
981,visual_transformer_resblocks_11,213,Red and white objects
982,visual_transformer_resblocks_11,214,Black and white colored objects
983,visual_transformer_resblocks_11,215,Words
984,visual_transformer_resblocks_11,216,People
985,visual_transformer_resblocks_11,217,The sky
986,visual_transformer_resblocks_11,218,Signs
987,visual_transformer_resblocks_11,219,Words
988,visual_transformer_resblocks_11,220,Black and white colored objects
989,visual_transformer_resblocks_11,221,Rounded edges in pictures
990,visual_transformer_resblocks_11,222,The sky
991,visual_transformer_resblocks_11,223,The top of towers
992,visual_transformer_resblocks_11,224,Green colored objects
993,visual_transformer_resblocks_11,225,Balloons and balls
994,visual_transformer_resblocks_11,226,Brown colored objects
995,visual_transformer_resblocks_11,227,Sign boards with text in it
996,visual_transformer_resblocks_11,228,Sign boards with text in it
997,visual_transformer_resblocks_11,229,Dogs
998,visual_transformer_resblocks_11,230,Black and white colored objects
999,visual_transformer_resblocks_11,231,Round objects
1000,visual_transformer_resblocks_11,232,Round objects
1001,visual_transformer_resblocks_11,233,Water and smoke
1002,visual_transformer_resblocks_11,234,Red and white objects
1003,visual_transformer_resblocks_11,235,Signs and screens
1004,visual_transformer_resblocks_11,236,Sign boards with text in it
1005,visual_transformer_resblocks_11,237,White colored objects
1006,visual_transformer_resblocks_11,238,Green colored objects
1007,visual_transformer_resblocks_11,239,Blue colored objects
1008,visual_transformer_resblocks_11,240,Sign boards with text in it
1009,visual_transformer_resblocks_11,241,Red objects
1010,visual_transformer_resblocks_11,242,People and vehicles
1011,visual_transformer_resblocks_11,243,Rounded edges in pictures
1012,visual_transformer_resblocks_11,244,Words
1013,visual_transformer_resblocks_11,245,Green grass
1014,visual_transformer_resblocks_11,246,Red objects
1015,visual_transformer_resblocks_11,247,Red and white colored objects
1016,visual_transformer_resblocks_11,248,Rounded edges in pictures
1017,visual_transformer_resblocks_11,249,Faces of vehicles
1018,visual_transformer_resblocks_11,250,The ground
1019,visual_transformer_resblocks_11,251,Red and white colored objects
1020,visual_transformer_resblocks_11,252,Red and white objects
1021,visual_transformer_resblocks_11,253,Round objects
1022,visual_transformer_resblocks_11,254,Black and white colored objects
1023,visual_transformer_resblocks_11,255,Textured areas
1024,visual_transformer_resblocks_11,256,Water and grass
1025,visual_transformer_resblocks_11,257,Faces of things
1026,visual_transformer_resblocks_11,258,Red and white objects
1027,visual_transformer_resblocks_11,259,Words
1028,visual_transformer_resblocks_11,260,Electronics
1029,visual_transformer_resblocks_11,261,Body parts
1030,visual_transformer_resblocks_11,262,Water in the sky
1031,visual_transformer_resblocks_11,263,Round objects
1032,visual_transformer_resblocks_11,264,Airplanes in the sky
1033,visual_transformer_resblocks_11,265,Words and letters
1034,visual_transformer_resblocks_11,266,Airplanes
1035,visual_transformer_resblocks_11,267,Black and white colored objects
1036,visual_transformer_resblocks_11,268,Animals and circular objects
1037,visual_transformer_resblocks_11,269,Words
1038,visual_transformer_resblocks_11,270,Flags
1039,visual_transformer_resblocks_11,271,Circular objects
1040,visual_transformer_resblocks_11,272,Red and white objects
1041,visual_transformer_resblocks_11,273,Faces of human beings
1042,visual_transformer_resblocks_11,274,Red and white colored objects
1043,visual_transformer_resblocks_11,275,Numbers and letters
1044,visual_transformer_resblocks_11,276,Water in the sky
1045,visual_transformer_resblocks_11,277,Grass
1046,visual_transformer_resblocks_11,278,Circular objects
1047,visual_transformer_resblocks_11,279,Red and white colored objects
1048,visual_transformer_resblocks_11,280,Rounded objects
1049,visual_transformer_resblocks_11,281,Rounded edges in pictures
1050,visual_transformer_resblocks_11,282,Vehicles
1051,visual_transformer_resblocks_11,283,Round objects
1052,visual_transformer_resblocks_11,284,Black and white colored objects
1053,visual_transformer_resblocks_11,285,A sign
1054,visual_transformer_resblocks_11,286,Dogs
1055,visual_transformer_resblocks_11,287,Red and white colored objects
1056,visual_transformer_resblocks_11,288,Red and white colored objects
1057,visual_transformer_resblocks_11,289,Black and white colored objects
1058,visual_transformer_resblocks_11,290,The ground
1059,visual_transformer_resblocks_11,291,Numbers and letters
1060,visual_transformer_resblocks_11,292,Red and white colored objects
1061,visual_transformer_resblocks_11,293,Dogs
1062,visual_transformer_resblocks_11,294,Green colored objects
1063,visual_transformer_resblocks_11,295,Written text
1064,visual_transformer_resblocks_11,296,Green colored objects
1065,visual_transformer_resblocks_11,297,Green colored objects
1066,visual_transformer_resblocks_11,298,Green colored objects
1067,visual_transformer_resblocks_11,299,The ground
1068,visual_transformer_resblocks_11,300,The ground
1069,visual_transformer_resblocks_11,301,Green objects
1070,visual_transformer_resblocks_11,302,The ocean
1071,visual_transformer_resblocks_11,303,Arches and circles
1072,visual_transformer_resblocks_11,304,Red and white colored objects
1073,visual_transformer_resblocks_11,305,Red and white colored objects
1074,visual_transformer_resblocks_11,306,Written patterns
1075,visual_transformer_resblocks_11,307,Brown colored objects
1076,visual_transformer_resblocks_11,308,Brown colored objects
1077,visual_transformer_resblocks_11,309,The top of a building
1078,visual_transformer_resblocks_11,310,Dogs and people
1079,visual_transformer_resblocks_11,311,Blue colored objects
1080,visual_transformer_resblocks_11,312,Black and white colored objects
1081,visual_transformer_resblocks_11,313,Black and white colored objects
1082,visual_transformer_resblocks_11,314,Brown colored objects
1083,visual_transformer_resblocks_11,315,Red and white colored objects
1084,visual_transformer_resblocks_11,316,Red and white objects
1085,visual_transformer_resblocks_11,317,Rounded edges in pictures
1086,visual_transformer_resblocks_11,318,Red and white colored objects
1087,visual_transformer_resblocks_11,319,Vehicles
1088,visual_transformer_resblocks_11,320,Flags
1089,visual_transformer_resblocks_11,321,Rounded objects
1090,visual_transformer_resblocks_11,322,Brown colored objects
1091,visual_transformer_resblocks_11,323,Animals and vehicles
1092,visual_transformer_resblocks_11,324,Living things
1093,visual_transformer_resblocks_11,325,People and bikes
1094,visual_transformer_resblocks_11,326,Similar patterns
1095,visual_transformer_resblocks_11,327,Arches
1096,visual_transformer_resblocks_11,328,Words
1097,visual_transformer_resblocks_11,329,Black and white colored objects
1098,visual_transformer_resblocks_11,330,The ground
1099,visual_transformer_resblocks_11,331,Red objects
1100,visual_transformer_resblocks_11,332,Red and white objects
1101,visual_transformer_resblocks_11,333,Round objects
1102,visual_transformer_resblocks_11,334,Red colored object with text
1103,visual_transformer_resblocks_11,335,People and bikes
1104,visual_transformer_resblocks_11,336,Rounded objects
1105,visual_transformer_resblocks_11,337,The bottom of circles
1106,visual_transformer_resblocks_11,338,The left side of the object
1107,visual_transformer_resblocks_11,339,Round objects
1108,visual_transformer_resblocks_11,340,Sign boards with text in it
1109,visual_transformer_resblocks_11,341,People
1110,visual_transformer_resblocks_11,342,The ground
1111,visual_transformer_resblocks_11,343,Words
1112,visual_transformer_resblocks_11,344,White objects
1113,visual_transformer_resblocks_11,345,Towers and spires
1114,visual_transformer_resblocks_11,346,Dog faces
1115,visual_transformer_resblocks_11,347,Green colored objects
1116,visual_transformer_resblocks_11,348,Circular objects and flags
1117,visual_transformer_resblocks_11,349,Electronics
1118,visual_transformer_resblocks_11,350,Animals
1119,visual_transformer_resblocks_11,351,Blue colored objects
1120,visual_transformer_resblocks_11,352,Red and white colored objects
1121,visual_transformer_resblocks_11,353,Red and white colored objects
1122,visual_transformer_resblocks_11,354,Blue colored objects
1123,visual_transformer_resblocks_11,355,Written text
1124,visual_transformer_resblocks_11,356,Water in the sky
1125,visual_transformer_resblocks_11,357,Circular objects
1126,visual_transformer_resblocks_11,358,Blue colored objects
1127,visual_transformer_resblocks_11,359,The top of towers
1128,visual_transformer_resblocks_11,360,Dog heads
1129,visual_transformer_resblocks_11,361,The ground
1130,visual_transformer_resblocks_11,362,People and bikes
1131,visual_transformer_resblocks_11,363,Blue colored objects
1132,visual_transformer_resblocks_11,364,Circular objects
1133,visual_transformer_resblocks_11,365,Brown colored objects
1134,visual_transformer_resblocks_11,366,Flags
1135,visual_transformer_resblocks_11,367,Circular objects
1136,visual_transformer_resblocks_11,368,Red and white colored objects
1137,visual_transformer_resblocks_11,369,The tops of buildings
1138,visual_transformer_resblocks_11,370,Vehicles
1139,visual_transformer_resblocks_11,371,Dogs and vehicles
1140,visual_transformer_resblocks_11,372,Red and white objects
1141,visual_transformer_resblocks_11,373,Water
1142,visual_transformer_resblocks_11,374,Circular objects
1143,visual_transformer_resblocks_11,375,Rounded objects
1144,visual_transformer_resblocks_11,376,Rounded edges in pictures
1145,visual_transformer_resblocks_11,377,Round objects
1146,visual_transformer_resblocks_11,378,Vertical lines
1147,visual_transformer_resblocks_11,379,Rounded edges in pictures
1148,visual_transformer_resblocks_11,380,Sign boards with text in it
1149,visual_transformer_resblocks_11,381,Vertical lines
1150,visual_transformer_resblocks_11,382,Circular objects
1151,visual_transformer_resblocks_11,383,Written text
1152,visual_transformer_resblocks_11,384,Circular objects
1153,visual_transformer_resblocks_11,385,Arches
1154,visual_transformer_resblocks_11,386,Sunsets
1155,visual_transformer_resblocks_11,387,Trees
1156,visual_transformer_resblocks_11,388,Black and white colored objects
1157,visual_transformer_resblocks_11,389,Dogs
1158,visual_transformer_resblocks_11,390,The ground
1159,visual_transformer_resblocks_11,391,Black and white colored objects
1160,visual_transformer_resblocks_11,392,The sky
1161,visual_transformer_resblocks_11,393,Blue colored objects
1162,visual_transformer_resblocks_11,394,Flags
1163,visual_transformer_resblocks_11,395,Signs
1164,visual_transformer_resblocks_11,396,Red and white colored objects
1165,visual_transformer_resblocks_11,397,Rounded edges in pictures
1166,visual_transformer_resblocks_11,398,The ground
1167,visual_transformer_resblocks_11,399,Red and white colored objects
1168,visual_transformer_resblocks_11,400,Blue skies
1169,visual_transformer_resblocks_11,401,Black and white colored objects
1170,visual_transformer_resblocks_11,402,Horizontal lines
1171,visual_transformer_resblocks_11,403,Black and white colored objects
1172,visual_transformer_resblocks_11,404,Yellow and blue objects
1173,visual_transformer_resblocks_11,405,Blue colored objects
1174,visual_transformer_resblocks_11,406,Red and white objects
1175,visual_transformer_resblocks_11,407,Words
1176,visual_transformer_resblocks_11,408,The sky
1177,visual_transformer_resblocks_11,409,White colored objects
1178,visual_transformer_resblocks_11,410,Edges of objects
1179,visual_transformer_resblocks_11,411,The ground
1180,visual_transformer_resblocks_11,412,Animals and people
1181,visual_transformer_resblocks_11,413,The tops of objects
1182,visual_transformer_resblocks_11,414,Blue colored objects
1183,visual_transformer_resblocks_11,415,The tops of buildings
1184,visual_transformer_resblocks_11,416,Brown colored objects
1185,visual_transformer_resblocks_11,417,Circular objects
1186,visual_transformer_resblocks_11,418,The left side of the object
1187,visual_transformer_resblocks_11,419,Green colored objects
1188,visual_transformer_resblocks_11,420,Red and yellow objects
1189,visual_transformer_resblocks_11,421,Numbers and letters
1190,visual_transformer_resblocks_11,422,Flags
1191,visual_transformer_resblocks_11,423,Red and white objects
1192,visual_transformer_resblocks_11,424,Black and white colored objects
1193,visual_transformer_resblocks_11,425,Round objects
1194,visual_transformer_resblocks_11,426,Circular objects
1195,visual_transformer_resblocks_11,427,Rounded objects
1196,visual_transformer_resblocks_11,428,A windmill in the distance
1197,visual_transformer_resblocks_11,429,Circular objects
1198,visual_transformer_resblocks_11,430,The ground
1199,visual_transformer_resblocks_11,431,Words
1200,visual_transformer_resblocks_11,432,Red and white colored objects
1201,visual_transformer_resblocks_11,433,The ground
1202,visual_transformer_resblocks_11,434,The sky
1203,visual_transformer_resblocks_11,435,The tops of buildings
1204,visual_transformer_resblocks_11,436,Red and white colored objects
1205,visual_transformer_resblocks_11,437,Brown colored objects
1206,visual_transformer_resblocks_11,438,The ground
1207,visual_transformer_resblocks_11,439,Rounded objects
1208,visual_transformer_resblocks_11,440,Red and white colored objects
1209,visual_transformer_resblocks_11,441,Rounded edges in pictures
1210,visual_transformer_resblocks_11,442,Round objects
1211,visual_transformer_resblocks_11,443,Brown colored objects
1212,visual_transformer_resblocks_11,444,The ground
1213,visual_transformer_resblocks_11,445,Rounded objects
1214,visual_transformer_resblocks_11,446,Electronics
1215,visual_transformer_resblocks_11,447,Brown colored objects
1216,visual_transformer_resblocks_11,448,Dog faces
1217,visual_transformer_resblocks_11,449,People and produce
1218,visual_transformer_resblocks_11,450,Circular objects
1219,visual_transformer_resblocks_11,451,Red and white colored objects
1220,visual_transformer_resblocks_11,452,Signs and flags
1221,visual_transformer_resblocks_11,453,Rounded edges in pictures
1222,visual_transformer_resblocks_11,454,Dogs
1223,visual_transformer_resblocks_11,455,Black and white colored objects
1224,visual_transformer_resblocks_11,456,Numbers and letters
1225,visual_transformer_resblocks_11,457,Circular objects
1226,visual_transformer_resblocks_11,458,Horizontal lines
1227,visual_transformer_resblocks_11,459,Words
1228,visual_transformer_resblocks_11,460,Circular objects
1229,visual_transformer_resblocks_11,461,Black and white objects
1230,visual_transformer_resblocks_11,462,The ground
1231,visual_transformer_resblocks_11,463,Dogs and vehicles
1232,visual_transformer_resblocks_11,464,The tops of buildings
1233,visual_transformer_resblocks_11,465,Circular objects
1234,visual_transformer_resblocks_11,466,Black and white colored objects
1235,visual_transformer_resblocks_11,467,Blue and red objects
1236,visual_transformer_resblocks_11,468,Dog faces
1237,visual_transformer_resblocks_11,469,White colored objects
1238,visual_transformer_resblocks_11,470,Bodies of water
1239,visual_transformer_resblocks_11,471,The ground
1240,visual_transformer_resblocks_11,472,Black and white colored objects
1241,visual_transformer_resblocks_11,473,Red and white objects
1242,visual_transformer_resblocks_11,474,The sky
1243,visual_transformer_resblocks_11,475,Arches
1244,visual_transformer_resblocks_11,476,Words
1245,visual_transformer_resblocks_11,477,Black and white colored objects
1246,visual_transformer_resblocks_11,478,White colored objects
1247,visual_transformer_resblocks_11,479,Circular objects
1248,visual_transformer_resblocks_11,480,The right side of the building
1249,visual_transformer_resblocks_11,481,Round objects
1250,visual_transformer_resblocks_11,482,The sky
1251,visual_transformer_resblocks_11,483,Red and white objects
1252,visual_transformer_resblocks_11,484,Red and white colored objects
1253,visual_transformer_resblocks_11,485,Words
1254,visual_transformer_resblocks_11,486,Circular objects
1255,visual_transformer_resblocks_11,487,Green colored objects
1256,visual_transformer_resblocks_11,488,Musical instruments
1257,visual_transformer_resblocks_11,489,Green colored objects
1258,visual_transformer_resblocks_11,490,The ground
1259,visual_transformer_resblocks_11,491,Red colored object with text
1260,visual_transformer_resblocks_11,492,Numbers and letters
1261,visual_transformer_resblocks_11,493,Motorcycles
1262,visual_transformer_resblocks_11,494,Mma fighters
1263,visual_transformer_resblocks_11,495,The sky
1264,visual_transformer_resblocks_11,496,Dogs
1265,visual_transformer_resblocks_11,497,Signs
1266,visual_transformer_resblocks_11,498,Rounded edges in pictures
1267,visual_transformer_resblocks_11,499,Faces of human beings
1268,visual_transformer_resblocks_11,500,Stripes
1269,visual_transformer_resblocks_11,501,Similar patterns that are similar
1270,visual_transformer_resblocks_11,502,People and produce
1271,visual_transformer_resblocks_11,503,Black and white colored objects
1272,visual_transformer_resblocks_11,504,Rounded edges in pictures
1273,visual_transformer_resblocks_11,505,Trees and water
1274,visual_transformer_resblocks_11,506,"Text on a sign, text on a sign"
1275,visual_transformer_resblocks_11,507,The ground
1276,visual_transformer_resblocks_11,508,Red and white colored objects
1277,visual_transformer_resblocks_11,509,Rounded edges in pictures
1278,visual_transformer_resblocks_11,510,Vertical lines
1279,visual_transformer_resblocks_11,511,Airplanes
1280,visual_transformer_resblocks_11,512,Black and white objects
1281,visual_transformer_resblocks_11,513,Horizontal lines
1282,visual_transformer_resblocks_11,514,Green grass
1283,visual_transformer_resblocks_11,515,Green colored objects
1284,visual_transformer_resblocks_11,516,The tops of objects
1285,visual_transformer_resblocks_11,517,Green grass
1286,visual_transformer_resblocks_11,518,Red and white colored objects
1287,visual_transformer_resblocks_11,519,Circular objects
1288,visual_transformer_resblocks_11,520,Black and white colored objects
1289,visual_transformer_resblocks_11,521,Red and white objects
1290,visual_transformer_resblocks_11,522,Circular objects
1291,visual_transformer_resblocks_11,523,Rounded edges in pictures
1292,visual_transformer_resblocks_11,524,Triangular shapes
1293,visual_transformer_resblocks_11,525,Numbers and letters
1294,visual_transformer_resblocks_11,526,Circular objects
1295,visual_transformer_resblocks_11,527,Rectangular objects
1296,visual_transformer_resblocks_11,528,Circular objects
1297,visual_transformer_resblocks_11,529,Red and white colored objects
1298,visual_transformer_resblocks_11,530,Dogs
1299,visual_transformer_resblocks_11,531,Words and signs
1300,visual_transformer_resblocks_11,532,Green colored objects
1301,visual_transformer_resblocks_11,533,People and produce
1302,visual_transformer_resblocks_11,534,Rounded edges in pictures
1303,visual_transformer_resblocks_11,535,Words
1304,visual_transformer_resblocks_11,536,Yellow and blue colored objects
1305,visual_transformer_resblocks_11,537,Sign boards with text in it
1306,visual_transformer_resblocks_11,538,Black and white colored objects
1307,visual_transformer_resblocks_11,539,Circular objects
1308,visual_transformer_resblocks_11,540,Green colored objects
1309,visual_transformer_resblocks_11,541,Flags
1310,visual_transformer_resblocks_11,542,Green colored objects
1311,visual_transformer_resblocks_11,543,Green colored objects
1312,visual_transformer_resblocks_11,544,The area under a object
1313,visual_transformer_resblocks_11,545,Black and white objects
1314,visual_transformer_resblocks_11,546,Green grass
1315,visual_transformer_resblocks_11,547,Vertical lines
1316,visual_transformer_resblocks_11,548,Sign boards with text in it
1317,visual_transformer_resblocks_11,549,Green colored objects
1318,visual_transformer_resblocks_11,550,Airplanes
1319,visual_transformer_resblocks_11,551,The tops of buildings
1320,visual_transformer_resblocks_11,552,Rounded edges in pictures
1321,visual_transformer_resblocks_11,553,Dog heads
1322,visual_transformer_resblocks_11,554,Rounded edges in pictures
1323,visual_transformer_resblocks_11,555,Dogs and vehicles
1324,visual_transformer_resblocks_11,556,Vertical lines
1325,visual_transformer_resblocks_11,557,Red objects
1326,visual_transformer_resblocks_11,558,Rounded edges in pictures
1327,visual_transformer_resblocks_11,559,Brown colored objects
1328,visual_transformer_resblocks_11,560,Circular objects
1329,visual_transformer_resblocks_11,561,Rounded edges in pictures
1330,visual_transformer_resblocks_11,562,Animals and circular objects
1331,visual_transformer_resblocks_11,563,Red and white colored objects
1332,visual_transformer_resblocks_11,564,Circular objects
1333,visual_transformer_resblocks_11,565,The ground
1334,visual_transformer_resblocks_11,566,Green colored objects
1335,visual_transformer_resblocks_11,567,The ground
1336,visual_transformer_resblocks_11,568,Words
1337,visual_transformer_resblocks_11,569,Vehicles
1338,visual_transformer_resblocks_11,570,Flags
1339,visual_transformer_resblocks_11,571,Text
1340,visual_transformer_resblocks_11,572,Words
1341,visual_transformer_resblocks_11,573,The tops of buildings
1342,visual_transformer_resblocks_11,574,Green colored objects
1343,visual_transformer_resblocks_11,575,Diagonal lines
1344,visual_transformer_resblocks_11,576,Green colored objects
1345,visual_transformer_resblocks_11,577,Pink colored objects
1346,visual_transformer_resblocks_11,578,Black and white colored objects
1347,visual_transformer_resblocks_11,579,The left side of people
1348,visual_transformer_resblocks_11,580,Dogs and vehicles
1349,visual_transformer_resblocks_11,581,Letters and numbers and letters
1350,visual_transformer_resblocks_11,582,Arches
1351,visual_transformer_resblocks_11,583,The tops of buildings
1352,visual_transformer_resblocks_11,584,Red and white objects
1353,visual_transformer_resblocks_11,585,Green colored objects
1354,visual_transformer_resblocks_11,586,Red and white colored objects
1355,visual_transformer_resblocks_11,587,Circular objects
1356,visual_transformer_resblocks_11,588,Red and yellow objects
1357,visual_transformer_resblocks_11,589,Water
1358,visual_transformer_resblocks_11,590,Living things
1359,visual_transformer_resblocks_11,591,Red and white objects
1360,visual_transformer_resblocks_11,592,White objects
1361,visual_transformer_resblocks_11,593,Words
1362,visual_transformer_resblocks_11,594,The top of towers
1363,visual_transformer_resblocks_11,595,Black and white colored objects
1364,visual_transformer_resblocks_11,596,Words
1365,visual_transformer_resblocks_11,597,Circular objects
1366,visual_transformer_resblocks_11,598,Black and white objects
1367,visual_transformer_resblocks_11,599,Red and white objects
1368,visual_transformer_resblocks_11,600,Sign boards with text in it
1369,visual_transformer_resblocks_11,601,Flags
1370,visual_transformer_resblocks_11,602,The area under a object
1371,visual_transformer_resblocks_11,603,"Animals, instruments and instruments"
1372,visual_transformer_resblocks_11,604,The left side of the object
1373,visual_transformer_resblocks_11,605,The tops of buildings
1374,visual_transformer_resblocks_11,606,Black and white colored objects
1375,visual_transformer_resblocks_11,607,Black and white colored objects
1376,visual_transformer_resblocks_11,608,Water in the sky
1377,visual_transformer_resblocks_11,609,Numbers and letters
1378,visual_transformer_resblocks_11,610,The sky
1379,visual_transformer_resblocks_11,611,Numbers and letters
1380,visual_transformer_resblocks_11,612,Faces of human beings
1381,visual_transformer_resblocks_11,613,Brown colored objects
1382,visual_transformer_resblocks_11,614,Round objects
1383,visual_transformer_resblocks_11,615,Horizontal lines
1384,visual_transformer_resblocks_11,616,Letters and numbers and letters
1385,visual_transformer_resblocks_11,617,Red and white objects
1386,visual_transformer_resblocks_11,618,Faces of human beings
1387,visual_transformer_resblocks_11,619,Black and white colored objects
1388,visual_transformer_resblocks_11,620,Grass
1389,visual_transformer_resblocks_11,621,Circular objects
1390,visual_transformer_resblocks_11,622,Sign boards with text in it
1391,visual_transformer_resblocks_11,623,The tops of buildings
1392,visual_transformer_resblocks_11,624,Rounded edges in pictures
1393,visual_transformer_resblocks_11,625,Red and white colored objects
1394,visual_transformer_resblocks_11,626,Dog noses
1395,visual_transformer_resblocks_11,627,Red and white objects
1396,visual_transformer_resblocks_11,628,Red and white colored objects
1397,visual_transformer_resblocks_11,629,Dogs
1398,visual_transformer_resblocks_11,630,Green colored objects
1399,visual_transformer_resblocks_11,631,Dog faces
1400,visual_transformer_resblocks_11,632,Round objects
1401,visual_transformer_resblocks_11,633,Green colored objects
1402,visual_transformer_resblocks_11,634,Circular objects
1403,visual_transformer_resblocks_11,635,Flags
1404,visual_transformer_resblocks_11,636,Black and white colored objects
1405,visual_transformer_resblocks_11,637,Words
1406,visual_transformer_resblocks_11,638,Circular objects
1407,visual_transformer_resblocks_11,639,Blue colored objects
1408,visual_transformer_resblocks_11,640,Green grass
1409,visual_transformer_resblocks_11,641,The left side of the object
1410,visual_transformer_resblocks_11,642,Faces of human beings
1411,visual_transformer_resblocks_11,643,The sky
1412,visual_transformer_resblocks_11,644,Red and white objects
1413,visual_transformer_resblocks_11,645,Written text
1414,visual_transformer_resblocks_11,646,White colored objects
1415,visual_transformer_resblocks_11,647,Vehicles
1416,visual_transformer_resblocks_11,648,Red and white colored objects
1417,visual_transformer_resblocks_11,649,Black and white colored objects
1418,visual_transformer_resblocks_11,650,The background
1419,visual_transformer_resblocks_11,651,Circular objects
1420,visual_transformer_resblocks_11,652,Rounded edges in pictures
1421,visual_transformer_resblocks_11,653,Circular objects
1422,visual_transformer_resblocks_11,654,Black and white colored objects
1423,visual_transformer_resblocks_11,655,The ground
1424,visual_transformer_resblocks_11,656,Round objects
1425,visual_transformer_resblocks_11,657,Water in the sky
1426,visual_transformer_resblocks_11,658,Numbers and letters
1427,visual_transformer_resblocks_11,659,Circular objects
1428,visual_transformer_resblocks_11,660,Black and white colored objects
1429,visual_transformer_resblocks_11,661,Dogs
1430,visual_transformer_resblocks_11,662,The ground
1431,visual_transformer_resblocks_11,663,Vehicles
1432,visual_transformer_resblocks_11,664,Arches
1433,visual_transformer_resblocks_11,665,Written text
1434,visual_transformer_resblocks_11,666,The top of buildings
1435,visual_transformer_resblocks_11,667,Black and white colored objects
1436,visual_transformer_resblocks_11,668,Letters and numbers and letters
1437,visual_transformer_resblocks_11,669,Rounded edges in pictures
1438,visual_transformer_resblocks_11,670,Faces of animals
1439,visual_transformer_resblocks_11,671,Text
1440,visual_transformer_resblocks_11,672,Circular objects
1441,visual_transformer_resblocks_11,673,Black and white colored objects
1442,visual_transformer_resblocks_11,674,The bottoms of vehicles
1443,visual_transformer_resblocks_11,675,Diagonal lines
1444,visual_transformer_resblocks_11,676,Animals and instruments
1445,visual_transformer_resblocks_11,677,The ground
1446,visual_transformer_resblocks_11,678,Vehicles
1447,visual_transformer_resblocks_11,679,Blue objects
1448,visual_transformer_resblocks_11,680,Black and white colored objects
1449,visual_transformer_resblocks_11,681,Green colored objects
1450,visual_transformer_resblocks_11,682,The ground
1451,visual_transformer_resblocks_11,683,Rounded edges in pictures
1452,visual_transformer_resblocks_11,684,Stripes
1453,visual_transformer_resblocks_11,685,Numbers and letters
1454,visual_transformer_resblocks_11,686,Circular objects
1455,visual_transformer_resblocks_11,687,"The sky, balls, and circular objects"
1456,visual_transformer_resblocks_11,688,Circular objects
1457,visual_transformer_resblocks_11,689,Rounded edges in pictures
1458,visual_transformer_resblocks_11,690,Numbers and letters
1459,visual_transformer_resblocks_11,691,Red and white objects
1460,visual_transformer_resblocks_11,692,Round objects
1461,visual_transformer_resblocks_11,693,Circular objects
1462,visual_transformer_resblocks_11,694,Red and white objects
1463,visual_transformer_resblocks_11,695,Regions with straight features
1464,visual_transformer_resblocks_11,696,Similar color patterns
1465,visual_transformer_resblocks_11,697,Sign boards with text in it
1466,visual_transformer_resblocks_11,698,Words
1467,visual_transformer_resblocks_11,699,Numbers and letters
1468,visual_transformer_resblocks_11,700,Black and white colored objects
1469,visual_transformer_resblocks_11,701,Blue colored objects
1470,visual_transformer_resblocks_11,702,Red and white colored objects
1471,visual_transformer_resblocks_11,703,White colored objects
1472,visual_transformer_resblocks_11,704,Round objects
1473,visual_transformer_resblocks_11,705,Circular objects
1474,visual_transformer_resblocks_11,706,Green colored objects
1475,visual_transformer_resblocks_11,707,Black and white colored objects
1476,visual_transformer_resblocks_11,708,Blue and red objects
1477,visual_transformer_resblocks_11,709,Rounded objects
1478,visual_transformer_resblocks_11,710,Pink colored objects
1479,visual_transformer_resblocks_11,711,The sky
1480,visual_transformer_resblocks_11,712,People in the sky
1481,visual_transformer_resblocks_11,713,Black and white objects
1482,visual_transformer_resblocks_11,714,Dog faces
1483,visual_transformer_resblocks_11,715,Flags
1484,visual_transformer_resblocks_11,716,Faces of human beings
1485,visual_transformer_resblocks_11,717,Vertical lines
1486,visual_transformer_resblocks_11,718,Red objects
1487,visual_transformer_resblocks_11,719,"People, structure, grass, animal"
1488,visual_transformer_resblocks_11,720,Dogs
1489,visual_transformer_resblocks_11,721,Black and white colored objects
1490,visual_transformer_resblocks_11,722,Musical instruments
1491,visual_transformer_resblocks_11,723,Circular objects
1492,visual_transformer_resblocks_11,724,Flags
1493,visual_transformer_resblocks_11,725,Circular objects
1494,visual_transformer_resblocks_11,726,Signs
1495,visual_transformer_resblocks_11,727,Numbers and letters
1496,visual_transformer_resblocks_11,728,Living things
1497,visual_transformer_resblocks_11,729,Red and white objects
1498,visual_transformer_resblocks_11,730,The ground
1499,visual_transformer_resblocks_11,731,Black and white colored objects
1500,visual_transformer_resblocks_11,732,Bodies of water
1501,visual_transformer_resblocks_11,733,Round objects
1502,visual_transformer_resblocks_11,734,Circular objects
1503,visual_transformer_resblocks_11,735,Arches
1504,visual_transformer_resblocks_11,736,Logo
1505,visual_transformer_resblocks_11,737,Black and white colored objects
1506,visual_transformer_resblocks_11,738,"Vehicles, signs and electronics"
1507,visual_transformer_resblocks_11,739,Objects in the sky
1508,visual_transformer_resblocks_11,740,"Sign, logo, text"
1509,visual_transformer_resblocks_11,741,Green colored objects
1510,visual_transformer_resblocks_11,742,Brown colored objects
1511,visual_transformer_resblocks_11,743,Dogs and vehicles
1512,visual_transformer_resblocks_11,744,Arches
1513,visual_transformer_resblocks_11,745,Red and white colored objects
1514,visual_transformer_resblocks_11,746,Words
1515,visual_transformer_resblocks_11,747,Green colored objects
1516,visual_transformer_resblocks_11,748,Blue objects
1517,visual_transformer_resblocks_11,749,Words
1518,visual_transformer_resblocks_11,750,Black and white objects
1519,visual_transformer_resblocks_11,751,Electronics
1520,visual_transformer_resblocks_11,752,People
1521,visual_transformer_resblocks_11,753,Red and white objects
1522,visual_transformer_resblocks_11,754,The ground
1523,visual_transformer_resblocks_11,755,Black and white objects
1524,visual_transformer_resblocks_11,756,Circular objects
1525,visual_transformer_resblocks_11,757,Green colored objects
1526,visual_transformer_resblocks_11,758,Circular objects
1527,visual_transformer_resblocks_11,759,Vehicles
1528,visual_transformer_resblocks_11,760,Blue objects
1529,visual_transformer_resblocks_11,761,Dogs
1530,visual_transformer_resblocks_11,762,Circular objects
1531,visual_transformer_resblocks_11,763,Brown colored objects
1532,visual_transformer_resblocks_11,764,Circular objects
1533,visual_transformer_resblocks_11,765,Brown colored objects
1534,visual_transformer_resblocks_11,766,Yellow objects
1535,visual_transformer_resblocks_11,767,Green colored object with stripes
1536,visual_transformer_resblocks_3,0,Numbers and letters
1537,visual_transformer_resblocks_3,1,Faces of human beings
1538,visual_transformer_resblocks_3,2,The left side of the object
1539,visual_transformer_resblocks_3,3,Faces
1540,visual_transformer_resblocks_3,4,Sharks
1541,visual_transformer_resblocks_3,5,Circular shaped objects
1542,visual_transformer_resblocks_3,6,Black and white colored objects
1543,visual_transformer_resblocks_3,7,The ground
1544,visual_transformer_resblocks_3,8,Words and letters
1545,visual_transformer_resblocks_3,9,Faces of human beings
1546,visual_transformer_resblocks_3,10,The ground
1547,visual_transformer_resblocks_3,11,Circular objects
1548,visual_transformer_resblocks_3,12,Words
1549,visual_transformer_resblocks_3,13,The ground
1550,visual_transformer_resblocks_3,14,Black and white colored objects
1551,visual_transformer_resblocks_3,15,Black and white objects
1552,visual_transformer_resblocks_3,16,The ground
1553,visual_transformer_resblocks_3,17,Black and white colored objects
1554,visual_transformer_resblocks_3,18,Words and letters
1555,visual_transformer_resblocks_3,19,Circular objects
1556,visual_transformer_resblocks_3,20,Blue skies
1557,visual_transformer_resblocks_3,21,Circular objects
1558,visual_transformer_resblocks_3,22,Faces of things
1559,visual_transformer_resblocks_3,23,Circular objects
1560,visual_transformer_resblocks_3,24,Brown colored objects
1561,visual_transformer_resblocks_3,25,Black and white colored objects
1562,visual_transformer_resblocks_3,26,Black and white colored objects
1563,visual_transformer_resblocks_3,27,Circular objects
1564,visual_transformer_resblocks_3,28,Vertical lines
1565,visual_transformer_resblocks_3,29,Brown colored objects
1566,visual_transformer_resblocks_3,30,Black and white colored objects
1567,visual_transformer_resblocks_3,31,Faces
1568,visual_transformer_resblocks_3,32,Dogs and people
1569,visual_transformer_resblocks_3,33,Water
1570,visual_transformer_resblocks_3,34,Words and signs
1571,visual_transformer_resblocks_3,35,Written text
1572,visual_transformer_resblocks_3,36,Black and white colored objects
1573,visual_transformer_resblocks_3,37,Black and white colored objects
1574,visual_transformer_resblocks_3,38,Circular objects
1575,visual_transformer_resblocks_3,39,Faces
1576,visual_transformer_resblocks_3,40,The ground
1577,visual_transformer_resblocks_3,41,Red and white colored objects
1578,visual_transformer_resblocks_3,42,Circular objects
1579,visual_transformer_resblocks_3,43,The sky or walls
1580,visual_transformer_resblocks_3,44,Signs
1581,visual_transformer_resblocks_3,45,The area above a object
1582,visual_transformer_resblocks_3,46,Circular shaped objects
1583,visual_transformer_resblocks_3,47,The outline of the object
1584,visual_transformer_resblocks_3,48,Circular objects
1585,visual_transformer_resblocks_3,49,Black and white colored objects
1586,visual_transformer_resblocks_3,50,Words
1587,visual_transformer_resblocks_3,51,Blue skies and white shirts
1588,visual_transformer_resblocks_3,52,Red and white colored objects
1589,visual_transformer_resblocks_3,53,Faces
1590,visual_transformer_resblocks_3,54,Grass
1591,visual_transformer_resblocks_3,55,Stripes
1592,visual_transformer_resblocks_3,56,The ground
1593,visual_transformer_resblocks_3,57,Black and white colored objects
1594,visual_transformer_resblocks_3,58,Circular objects
1595,visual_transformer_resblocks_3,59,Words
1596,visual_transformer_resblocks_3,60,The top of a object
1597,visual_transformer_resblocks_3,61,White backgrounds
1598,visual_transformer_resblocks_3,62,Circular objects
1599,visual_transformer_resblocks_3,63,Black and white colored objects
1600,visual_transformer_resblocks_3,64,Circular objects
1601,visual_transformer_resblocks_3,65,Faces of things
1602,visual_transformer_resblocks_3,66,Red and white objects
1603,visual_transformer_resblocks_3,67,Black and white colored objects
1604,visual_transformer_resblocks_3,68,The corners of objects
1605,visual_transformer_resblocks_3,69,Black and white colored objects
1606,visual_transformer_resblocks_3,70,Sign boards with text in it
1607,visual_transformer_resblocks_3,71,The left side of the object
1608,visual_transformer_resblocks_3,72,Round objects
1609,visual_transformer_resblocks_3,73,"Person, animal"
1610,visual_transformer_resblocks_3,74,Circular objects
1611,visual_transformer_resblocks_3,75,Diagonal lines
1612,visual_transformer_resblocks_3,76,Faces of human beings
1613,visual_transformer_resblocks_3,77,Black and white colored objects
1614,visual_transformer_resblocks_3,78,"The sky, walls, and walls"
1615,visual_transformer_resblocks_3,79,Written text
1616,visual_transformer_resblocks_3,80,Orange and yellow objects
1617,visual_transformer_resblocks_3,81,Edges
1618,visual_transformer_resblocks_3,82,Faces
1619,visual_transformer_resblocks_3,83,Circular objects
1620,visual_transformer_resblocks_3,84,Circular objects
1621,visual_transformer_resblocks_3,85,The ground
1622,visual_transformer_resblocks_3,86,Green colored objects
1623,visual_transformer_resblocks_3,87,Circular objects
1624,visual_transformer_resblocks_3,88,Words
1625,visual_transformer_resblocks_3,89,Faces of human beings
1626,visual_transformer_resblocks_3,90,Red and white colored objects
1627,visual_transformer_resblocks_3,91,Green colored objects
1628,visual_transformer_resblocks_3,92,The ground
1629,visual_transformer_resblocks_3,93,Faces
1630,visual_transformer_resblocks_3,94,Circular objects
1631,visual_transformer_resblocks_3,95,Black and white colored objects
1632,visual_transformer_resblocks_3,96,Faces of human beings
1633,visual_transformer_resblocks_3,97,Electronics
1634,visual_transformer_resblocks_3,98,Circular objects
1635,visual_transformer_resblocks_3,99,Faces of human beings
1636,visual_transformer_resblocks_3,100,Faces of things
1637,visual_transformer_resblocks_3,101,The left side of the object
1638,visual_transformer_resblocks_3,102,Circular objects
1639,visual_transformer_resblocks_3,103,People and the sky
1640,visual_transformer_resblocks_3,104,Circular objects
1641,visual_transformer_resblocks_3,105,The background
1642,visual_transformer_resblocks_3,106,Words
1643,visual_transformer_resblocks_3,107,Circular objects
1644,visual_transformer_resblocks_3,108,Green colored objects
1645,visual_transformer_resblocks_3,109,Black and white colored objects
1646,visual_transformer_resblocks_3,110,White colored objects
1647,visual_transformer_resblocks_3,111,Circular objects
1648,visual_transformer_resblocks_3,112,Circular objects
1649,visual_transformer_resblocks_3,113,Circular objects
1650,visual_transformer_resblocks_3,114,The ground
1651,visual_transformer_resblocks_3,115,Black and white objects
1652,visual_transformer_resblocks_3,116,Edges of objects
1653,visual_transformer_resblocks_3,117,The ground
1654,visual_transformer_resblocks_3,118,Red and white objects
1655,visual_transformer_resblocks_3,119,Circular objects
1656,visual_transformer_resblocks_3,120,"People, animals"
1657,visual_transformer_resblocks_3,121,Circular objects
1658,visual_transformer_resblocks_3,122,Dog legs
1659,visual_transformer_resblocks_3,123,Black and white colored objects
1660,visual_transformer_resblocks_3,124,Words
1661,visual_transformer_resblocks_3,125,Electronics
1662,visual_transformer_resblocks_3,126,Black and white colored objects
1663,visual_transformer_resblocks_3,127,Faces of human beings
1664,visual_transformer_resblocks_3,128,Faces of people
1665,visual_transformer_resblocks_3,129,Faces of people
1666,visual_transformer_resblocks_3,130,Faces of things
1667,visual_transformer_resblocks_3,131,Arches and circles
1668,visual_transformer_resblocks_3,132,The color red
1669,visual_transformer_resblocks_3,133,Brown colored objects
1670,visual_transformer_resblocks_3,134,White backgrounds and other objects
1671,visual_transformer_resblocks_3,135,Faces
1672,visual_transformer_resblocks_3,136,Circular objects
1673,visual_transformer_resblocks_3,137,Red and white objects
1674,visual_transformer_resblocks_3,138,"Animal, person"
1675,visual_transformer_resblocks_3,139,Circular objects
1676,visual_transformer_resblocks_3,140,Rectangular objects
1677,visual_transformer_resblocks_3,141,Circular objects
1678,visual_transformer_resblocks_3,142,The ground
1679,visual_transformer_resblocks_3,143,Sign boards with text in it
1680,visual_transformer_resblocks_3,144,Rounded edges in pictures
1681,visual_transformer_resblocks_3,145,Circular objects
1682,visual_transformer_resblocks_3,146,Faces of human beings
1683,visual_transformer_resblocks_3,147,Dogs and other animals
1684,visual_transformer_resblocks_3,148,Red and white colored objects
1685,visual_transformer_resblocks_3,149,The ground
1686,visual_transformer_resblocks_3,150,"Person, animal"
1687,visual_transformer_resblocks_3,151,The sky
1688,visual_transformer_resblocks_3,152,Green colored objects
1689,visual_transformer_resblocks_3,153,The left side of the object
1690,visual_transformer_resblocks_3,154,Red and white colored objects
1691,visual_transformer_resblocks_3,155,"People, structure, grass"
1692,visual_transformer_resblocks_3,156,Numbers and letters
1693,visual_transformer_resblocks_3,157,Faces of human beings
1694,visual_transformer_resblocks_3,158,Rounded edges in pictures
1695,visual_transformer_resblocks_3,159,The ground
1696,visual_transformer_resblocks_3,160,Red and white colored objects
1697,visual_transformer_resblocks_3,161,The ground
1698,visual_transformer_resblocks_3,162,Edges of objects
1699,visual_transformer_resblocks_3,163,Circular objects
1700,visual_transformer_resblocks_3,164,Words
1701,visual_transformer_resblocks_3,165,Circular objects
1702,visual_transformer_resblocks_3,166,Red and white colored objects
1703,visual_transformer_resblocks_3,167,Black and white colored objects
1704,visual_transformer_resblocks_3,168,Black and white objects
1705,visual_transformer_resblocks_3,169,Legs and poles
1706,visual_transformer_resblocks_3,170,Words
1707,visual_transformer_resblocks_3,171,Faces of human beings
1708,visual_transformer_resblocks_3,172,Circular objects
1709,visual_transformer_resblocks_3,173,Rounded edges in pictures
1710,visual_transformer_resblocks_3,174,The top of a object
1711,visual_transformer_resblocks_3,175,Faces of human beings
1712,visual_transformer_resblocks_3,176,People
1713,visual_transformer_resblocks_3,177,Circular objects
1714,visual_transformer_resblocks_3,178,Electronics
1715,visual_transformer_resblocks_3,179,White colored objects
1716,visual_transformer_resblocks_3,180,Black and white colored objects
1717,visual_transformer_resblocks_3,181,The left side of the object
1718,visual_transformer_resblocks_3,182,Dogs and people
1719,visual_transformer_resblocks_3,183,Black and white colored objects
1720,visual_transformer_resblocks_3,184,Words
1721,visual_transformer_resblocks_3,185,Horizontal lines
1722,visual_transformer_resblocks_3,186,The ground
1723,visual_transformer_resblocks_3,187,Faces of human beings
1724,visual_transformer_resblocks_3,188,Faces of human beings
1725,visual_transformer_resblocks_3,189,Faces of things
1726,visual_transformer_resblocks_3,190,Faces
1727,visual_transformer_resblocks_3,191,The ground
1728,visual_transformer_resblocks_3,192,Circular objects
1729,visual_transformer_resblocks_3,193,Black and white colored objects
1730,visual_transformer_resblocks_3,194,Red and white objects
1731,visual_transformer_resblocks_3,195,Circular objects
1732,visual_transformer_resblocks_3,196,Brown colored objects
1733,visual_transformer_resblocks_3,197,Blue and red objects
1734,visual_transformer_resblocks_3,198,Horizontal lines
1735,visual_transformer_resblocks_3,199,Red and white colored objects
1736,visual_transformer_resblocks_3,200,Nothing
1737,visual_transformer_resblocks_3,201,Electronics
1738,visual_transformer_resblocks_3,202,Green colored objects
1739,visual_transformer_resblocks_3,203,Rounded edges in pictures
1740,visual_transformer_resblocks_3,204,"People, structure, grass"
1741,visual_transformer_resblocks_3,205,The ground
1742,visual_transformer_resblocks_3,206,Arches and circles
1743,visual_transformer_resblocks_3,207,Faces of human beings
1744,visual_transformer_resblocks_3,208,Green colored objects
1745,visual_transformer_resblocks_3,209,Circular objects
1746,visual_transformer_resblocks_3,210,Green colored objects
1747,visual_transformer_resblocks_3,211,Black and white colored objects
1748,visual_transformer_resblocks_3,212,Words
1749,visual_transformer_resblocks_3,213,Red and white objects
1750,visual_transformer_resblocks_3,214,Words
1751,visual_transformer_resblocks_3,215,The top and bottom of objects
1752,visual_transformer_resblocks_3,216,Round objects
1753,visual_transformer_resblocks_3,217,The background
1754,visual_transformer_resblocks_3,218,Faces
1755,visual_transformer_resblocks_3,219,Faces of human beings
1756,visual_transformer_resblocks_3,220,Black and white colored objects
1757,visual_transformer_resblocks_3,221,Circular objects
1758,visual_transformer_resblocks_3,222,The sky and circular objects
1759,visual_transformer_resblocks_3,223,Vertical lines
1760,visual_transformer_resblocks_3,224,People and vehicles
1761,visual_transformer_resblocks_3,225,Black and white colored objects
1762,visual_transformer_resblocks_3,226,People and the sky
1763,visual_transformer_resblocks_3,227,Green colored objects
1764,visual_transformer_resblocks_3,228,The left side of a object
1765,visual_transformer_resblocks_3,229,Black and white colored objects
1766,visual_transformer_resblocks_3,230,Green colored objects
1767,visual_transformer_resblocks_3,231,Faces
1768,visual_transformer_resblocks_3,232,Black and white colored objects
1769,visual_transformer_resblocks_3,233,Signs
1770,visual_transformer_resblocks_3,234,Faces of human beings
1771,visual_transformer_resblocks_3,235,Circular objects
1772,visual_transformer_resblocks_3,236,Black and white colored objects
1773,visual_transformer_resblocks_3,237,Spots of the color white
1774,visual_transformer_resblocks_3,238,Rounded edges in pictures
1775,visual_transformer_resblocks_3,239,Arches
1776,visual_transformer_resblocks_3,240,White outlines of objects
1777,visual_transformer_resblocks_3,241,Edges of objects
1778,visual_transformer_resblocks_3,242,The ground
1779,visual_transformer_resblocks_3,243,Spots of the color white
1780,visual_transformer_resblocks_3,244,Black and white colored objects
1781,visual_transformer_resblocks_3,245,Numbers and letters
1782,visual_transformer_resblocks_3,246,Rounded objects
1783,visual_transformer_resblocks_3,247,Red and white objects
1784,visual_transformer_resblocks_3,248,Words
1785,visual_transformer_resblocks_3,249,Black and white colored objects
1786,visual_transformer_resblocks_3,250,The bottom of objects
1787,visual_transformer_resblocks_3,251,Brown colored objects
1788,visual_transformer_resblocks_3,252,Black and white colored objects
1789,visual_transformer_resblocks_3,253,Circular objects
1790,visual_transformer_resblocks_3,254,The ground
1791,visual_transformer_resblocks_3,255,Heads of peoples
1792,visual_transformer_resblocks_3,256,Black and white colored objects
1793,visual_transformer_resblocks_3,257,Rectangular objects
1794,visual_transformer_resblocks_3,258,Dogs
1795,visual_transformer_resblocks_3,259,Circular objects
1796,visual_transformer_resblocks_3,260,Black and white colored objects
1797,visual_transformer_resblocks_3,261,People
1798,visual_transformer_resblocks_3,262,Dogs and vehicles
1799,visual_transformer_resblocks_3,263,Circular objects
1800,visual_transformer_resblocks_3,264,Black and white colored objects
1801,visual_transformer_resblocks_3,265,Electronics
1802,visual_transformer_resblocks_3,266,Rounded edges in pictures
1803,visual_transformer_resblocks_3,267,Numbers and letters
1804,visual_transformer_resblocks_3,268,Edges of objects
1805,visual_transformer_resblocks_3,269,Brown colored objects
1806,visual_transformer_resblocks_3,270,Red and white colored objects
1807,visual_transformer_resblocks_3,271,Circular objects
1808,visual_transformer_resblocks_3,272,Black and white colored objects
1809,visual_transformer_resblocks_3,273,Words
1810,visual_transformer_resblocks_3,274,Circular objects
1811,visual_transformer_resblocks_3,275,Black and white colored objects
1812,visual_transformer_resblocks_3,276,Red and white objects
1813,visual_transformer_resblocks_3,277,Circular objects
1814,visual_transformer_resblocks_3,278,Words
1815,visual_transformer_resblocks_3,279,Circular objects
1816,visual_transformer_resblocks_3,280,Circular objects
1817,visual_transformer_resblocks_3,281,Circular objects
1818,visual_transformer_resblocks_3,282,Edges of objects
1819,visual_transformer_resblocks_3,283,Dogs and people
1820,visual_transformer_resblocks_3,284,Circular objects
1821,visual_transformer_resblocks_3,285,Numbers and letters
1822,visual_transformer_resblocks_3,286,Black and white colored objects
1823,visual_transformer_resblocks_3,287,Faces
1824,visual_transformer_resblocks_3,288,Circular objects
1825,visual_transformer_resblocks_3,289,Words
1826,visual_transformer_resblocks_3,290,Black and white colored objects
1827,visual_transformer_resblocks_3,291,Brown colored objects
1828,visual_transformer_resblocks_3,292,No noticeable pattern
1829,visual_transformer_resblocks_3,293,Circular objects
1830,visual_transformer_resblocks_3,294,Faces of human beings
1831,visual_transformer_resblocks_3,295,Sign boards with text in it
1832,visual_transformer_resblocks_3,296,Black and white colored objects
1833,visual_transformer_resblocks_3,297,The ground
1834,visual_transformer_resblocks_3,298,Dogs and vehicles
1835,visual_transformer_resblocks_3,299,Black and white colored objects
1836,visual_transformer_resblocks_3,300,Stripes
1837,visual_transformer_resblocks_3,301,Round objects
1838,visual_transformer_resblocks_3,302,Black and white colored objects
1839,visual_transformer_resblocks_3,303,The ground
1840,visual_transformer_resblocks_3,304,The left side of a object
1841,visual_transformer_resblocks_3,305,The ground
1842,visual_transformer_resblocks_3,306,Words
1843,visual_transformer_resblocks_3,307,Circular objects
1844,visual_transformer_resblocks_3,308,Faces of human beings
1845,visual_transformer_resblocks_3,309,The tops of objects
1846,visual_transformer_resblocks_3,310,Black and white colored objects
1847,visual_transformer_resblocks_3,311,Rounded edges in pictures
1848,visual_transformer_resblocks_3,312,Numbers and letters
1849,visual_transformer_resblocks_3,313,Brown colored objects
1850,visual_transformer_resblocks_3,314,Watermarks
1851,visual_transformer_resblocks_3,315,Animals and people
1852,visual_transformer_resblocks_3,316,Red and white colored objects
1853,visual_transformer_resblocks_3,317,Black and white colored objects
1854,visual_transformer_resblocks_3,318,Red and white colored objects
1855,visual_transformer_resblocks_3,319,Green colored objects
1856,visual_transformer_resblocks_3,320,Circular objects
1857,visual_transformer_resblocks_3,321,Circular objects
1858,visual_transformer_resblocks_3,322,Stripes
1859,visual_transformer_resblocks_3,323,Circular objects
1860,visual_transformer_resblocks_3,324,The sky and walls
1861,visual_transformer_resblocks_3,325,Red and white colored objects
1862,visual_transformer_resblocks_3,326,Circular objects
1863,visual_transformer_resblocks_3,327,The left side of the object
1864,visual_transformer_resblocks_3,328,Black and white colored objects
1865,visual_transformer_resblocks_3,329,Dogs and other animals
1866,visual_transformer_resblocks_3,330,Faces of human beings
1867,visual_transformer_resblocks_3,331,Faces of people
1868,visual_transformer_resblocks_3,332,Areas around a central focus
1869,visual_transformer_resblocks_3,333,Brown colored objects
1870,visual_transformer_resblocks_3,334,Words
1871,visual_transformer_resblocks_3,335,Black and white colored objects
1872,visual_transformer_resblocks_3,336,Black and white colored objects
1873,visual_transformer_resblocks_3,337,Rounded edges in pictures
1874,visual_transformer_resblocks_3,338,Black and white colored objects
1875,visual_transformer_resblocks_3,339,Words
1876,visual_transformer_resblocks_3,340,The ground
1877,visual_transformer_resblocks_3,341,Vehicles
1878,visual_transformer_resblocks_3,342,Circular objects
1879,visual_transformer_resblocks_3,343,Circular objects
1880,visual_transformer_resblocks_3,344,The ground
1881,visual_transformer_resblocks_3,345,Red and white colored objects
1882,visual_transformer_resblocks_3,346,Faces of human beings
1883,visual_transformer_resblocks_3,347,The color blue
1884,visual_transformer_resblocks_3,348,Circular objects
1885,visual_transformer_resblocks_3,349,Numbers and letters
1886,visual_transformer_resblocks_3,350,Red and white objects
1887,visual_transformer_resblocks_3,351,Black and white colored objects
1888,visual_transformer_resblocks_3,352,Black and white colored objects
1889,visual_transformer_resblocks_3,353,Circular objects
1890,visual_transformer_resblocks_3,354,The ground
1891,visual_transformer_resblocks_3,355,Sign boards with text in it
1892,visual_transformer_resblocks_3,356,Written text
1893,visual_transformer_resblocks_3,357,Rounded edges in pictures
1894,visual_transformer_resblocks_3,358,Black and white colored objects
1895,visual_transformer_resblocks_3,359,Black and white colored objects
1896,visual_transformer_resblocks_3,360,Red and white colored objects
1897,visual_transformer_resblocks_3,361,Edges of objects
1898,visual_transformer_resblocks_3,362,Black and white colored objects
1899,visual_transformer_resblocks_3,363,Red and white colored objects
1900,visual_transformer_resblocks_3,364,Rounded objects
1901,visual_transformer_resblocks_3,365,Green colored objects
1902,visual_transformer_resblocks_3,366,The ground
1903,visual_transformer_resblocks_3,367,Grids
1904,visual_transformer_resblocks_3,368,Circular objects
1905,visual_transformer_resblocks_3,369,Faces of human beings
1906,visual_transformer_resblocks_3,370,White colored objects
1907,visual_transformer_resblocks_3,371,Flags
1908,visual_transformer_resblocks_3,372,The ground
1909,visual_transformer_resblocks_3,373,Rounded edges in pictures
1910,visual_transformer_resblocks_3,374,The left side of the object
1911,visual_transformer_resblocks_3,375,Green colored objects
1912,visual_transformer_resblocks_3,376,Faces of human beings
1913,visual_transformer_resblocks_3,377,White backgrounds
1914,visual_transformer_resblocks_3,378,Rounded objects
1915,visual_transformer_resblocks_3,379,The ground
1916,visual_transformer_resblocks_3,380,Brown colored objects
1917,visual_transformer_resblocks_3,381,Green colored objects
1918,visual_transformer_resblocks_3,382,Red and white colored objects
1919,visual_transformer_resblocks_3,383,Red and green objects
1920,visual_transformer_resblocks_3,384,The ground
1921,visual_transformer_resblocks_3,385,Black and white colored objects
1922,visual_transformer_resblocks_3,386,Circular objects
1923,visual_transformer_resblocks_3,387,Rounded edges in pictures
1924,visual_transformer_resblocks_3,388,Round objects
1925,visual_transformer_resblocks_3,389,The ground
1926,visual_transformer_resblocks_3,390,Circular objects
1927,visual_transformer_resblocks_3,391,Circular objects
1928,visual_transformer_resblocks_3,392,Red and white colored objects
1929,visual_transformer_resblocks_3,393,Black and white colored objects
1930,visual_transformer_resblocks_3,394,White colored objects
1931,visual_transformer_resblocks_3,395,Black and white colored objects
1932,visual_transformer_resblocks_3,396,Signage and vehicles
1933,visual_transformer_resblocks_3,397,Circular objects
1934,visual_transformer_resblocks_3,398,The left side of a object
1935,visual_transformer_resblocks_3,399,Faces of things
1936,visual_transformer_resblocks_3,400,Black and white colored objects
1937,visual_transformer_resblocks_3,401,Red and white colored objects
1938,visual_transformer_resblocks_3,402,Black and white colored objects
1939,visual_transformer_resblocks_3,403,Faces of human beings
1940,visual_transformer_resblocks_3,404,Faces
1941,visual_transformer_resblocks_3,405,Circular objects
1942,visual_transformer_resblocks_3,406,The ground
1943,visual_transformer_resblocks_3,407,Edges of objects
1944,visual_transformer_resblocks_3,408,Diagonal lines
1945,visual_transformer_resblocks_3,409,Faces of human beings
1946,visual_transformer_resblocks_3,410,Diagonal lines
1947,visual_transformer_resblocks_3,411,Faces of human beings
1948,visual_transformer_resblocks_3,412,Black and white colored objects
1949,visual_transformer_resblocks_3,413,The ground
1950,visual_transformer_resblocks_3,414,Black and white color combination
1951,visual_transformer_resblocks_3,415,The sky
1952,visual_transformer_resblocks_3,416,The ground
1953,visual_transformer_resblocks_3,417,Circular objects
1954,visual_transformer_resblocks_3,418,Blue colored objects
1955,visual_transformer_resblocks_3,419,Arches
1956,visual_transformer_resblocks_3,420,Words
1957,visual_transformer_resblocks_3,421,The ground
1958,visual_transformer_resblocks_3,422,Diagonal lines
1959,visual_transformer_resblocks_3,423,Words
1960,visual_transformer_resblocks_3,424,Buildings and people
1961,visual_transformer_resblocks_3,425,The left side of the object
1962,visual_transformer_resblocks_3,426,Rounded edges in pictures
1963,visual_transformer_resblocks_3,427,Circular objects
1964,visual_transformer_resblocks_3,428,Circular objects
1965,visual_transformer_resblocks_3,429,Faces
1966,visual_transformer_resblocks_3,430,Rounded edges in pictures
1967,visual_transformer_resblocks_3,431,Black and white colored objects
1968,visual_transformer_resblocks_3,432,Circular objects
1969,visual_transformer_resblocks_3,433,Yellow objects
1970,visual_transformer_resblocks_3,434,Words
1971,visual_transformer_resblocks_3,435,Faces
1972,visual_transformer_resblocks_3,436,Black and white colored objects
1973,visual_transformer_resblocks_3,437,Blue colored objects
1974,visual_transformer_resblocks_3,438,Black and white colored objects
1975,visual_transformer_resblocks_3,439,Rounded edges in pictures
1976,visual_transformer_resblocks_3,440,The background
1977,visual_transformer_resblocks_3,441,The ground
1978,visual_transformer_resblocks_3,442,Faces of things
1979,visual_transformer_resblocks_3,443,Words
1980,visual_transformer_resblocks_3,444,The ground
1981,visual_transformer_resblocks_3,445,Round objects
1982,visual_transformer_resblocks_3,446,Black and white objects
1983,visual_transformer_resblocks_3,447,Edges
1984,visual_transformer_resblocks_3,448,Rounded edges in pictures
1985,visual_transformer_resblocks_3,449,Faces of human beings
1986,visual_transformer_resblocks_3,450,Faces of human beings
1987,visual_transformer_resblocks_3,451,Sign boards with text in it
1988,visual_transformer_resblocks_3,452,The ground
1989,visual_transformer_resblocks_3,453,Red and white objects
1990,visual_transformer_resblocks_3,454,The ground
1991,visual_transformer_resblocks_3,455,Red telephone booths
1992,visual_transformer_resblocks_3,456,Black and white colored objects
1993,visual_transformer_resblocks_3,457,Circular objects
1994,visual_transformer_resblocks_3,458,Green colored objects
1995,visual_transformer_resblocks_3,459,Rounded edges in pictures
1996,visual_transformer_resblocks_3,460,The left side of the object
1997,visual_transformer_resblocks_3,461,Black and white colored objects
1998,visual_transformer_resblocks_3,462,Circular objects
1999,visual_transformer_resblocks_3,463,Red colored objects
2000,visual_transformer_resblocks_3,464,Animals and circular objects
2001,visual_transformer_resblocks_3,465,Text
2002,visual_transformer_resblocks_3,466,Circular objects
2003,visual_transformer_resblocks_3,467,Red and white colored objects
2004,visual_transformer_resblocks_3,468,Dog ears
2005,visual_transformer_resblocks_3,469,Red and white objects
2006,visual_transformer_resblocks_3,470,The sky
2007,visual_transformer_resblocks_3,471,Tree branches without leaves
2008,visual_transformer_resblocks_3,472,Brown colored objects
2009,visual_transformer_resblocks_3,473,People
2010,visual_transformer_resblocks_3,474,Rounded edges in pictures
2011,visual_transformer_resblocks_3,475,Faces of human beings
2012,visual_transformer_resblocks_3,476,Circular objects
2013,visual_transformer_resblocks_3,477,Rounded edges in pictures
2014,visual_transformer_resblocks_3,478,Green colored objects
2015,visual_transformer_resblocks_3,479,Circular objects
2016,visual_transformer_resblocks_3,480,Red and white objects
2017,visual_transformer_resblocks_3,481,Green colored objects
2018,visual_transformer_resblocks_3,482,Animals and people
2019,visual_transformer_resblocks_3,483,Circular objects
2020,visual_transformer_resblocks_3,484,Numbers and letters
2021,visual_transformer_resblocks_3,485,Circular objects
2022,visual_transformer_resblocks_3,486,Circular objects
2023,visual_transformer_resblocks_3,487,Words
2024,visual_transformer_resblocks_3,488,Faces of human beings
2025,visual_transformer_resblocks_3,489,Green colored objects
2026,visual_transformer_resblocks_3,490,The sky and white backgrounds
2027,visual_transformer_resblocks_3,491,Rounded edges in pictures
2028,visual_transformer_resblocks_3,492,Circular objects
2029,visual_transformer_resblocks_3,493,The left side of the object
2030,visual_transformer_resblocks_3,494,Faces of human beings
2031,visual_transformer_resblocks_3,495,Words
2032,visual_transformer_resblocks_3,496,Faces of human beings
2033,visual_transformer_resblocks_3,497,Black and white colored objects
2034,visual_transformer_resblocks_3,498,Black and white colored objects
2035,visual_transformer_resblocks_3,499,Cylindrical objects
2036,visual_transformer_resblocks_3,500,Circular objects
2037,visual_transformer_resblocks_3,501,Faces
2038,visual_transformer_resblocks_3,502,Blue skies
2039,visual_transformer_resblocks_3,503,The ground
2040,visual_transformer_resblocks_3,504,The ground
2041,visual_transformer_resblocks_3,505,Trees
2042,visual_transformer_resblocks_3,506,Brown colored objects
2043,visual_transformer_resblocks_3,507,Dog ears
2044,visual_transformer_resblocks_3,508,Faces of things
2045,visual_transformer_resblocks_3,509,Faces
2046,visual_transformer_resblocks_3,510,Rounded edges in pictures
2047,visual_transformer_resblocks_3,511,Circular objects
2048,visual_transformer_resblocks_3,512,People 's heads
2049,visual_transformer_resblocks_3,513,Faces of human beings
2050,visual_transformer_resblocks_3,514,Circular objects
2051,visual_transformer_resblocks_3,515,Numbers and letters
2052,visual_transformer_resblocks_3,516,Words
2053,visual_transformer_resblocks_3,517,The left side of the object
2054,visual_transformer_resblocks_3,518,Faces
2055,visual_transformer_resblocks_3,519,Circular objects
2056,visual_transformer_resblocks_3,520,The ground
2057,visual_transformer_resblocks_3,521,Green colored objects
2058,visual_transformer_resblocks_3,522,Black and white objects
2059,visual_transformer_resblocks_3,523,Rounded edges in pictures
2060,visual_transformer_resblocks_3,524,Faces of human beings
2061,visual_transformer_resblocks_3,525,Circular objects
2062,visual_transformer_resblocks_3,526,Rounded objects
2063,visual_transformer_resblocks_3,527,Round objects
2064,visual_transformer_resblocks_3,528,Red and yellow objects
2065,visual_transformer_resblocks_3,529,Faces of people
2066,visual_transformer_resblocks_3,530,Circular objects
2067,visual_transformer_resblocks_3,531,Black and white colored objects
2068,visual_transformer_resblocks_3,532,Circular objects
2069,visual_transformer_resblocks_3,533,Black and white colored objects
2070,visual_transformer_resblocks_3,534,Sharks
2071,visual_transformer_resblocks_3,535,Black and white colored objects
2072,visual_transformer_resblocks_3,536,Green colored objects
2073,visual_transformer_resblocks_3,537,The background
2074,visual_transformer_resblocks_3,538,Dogs and other objects
2075,visual_transformer_resblocks_3,539,Perforated objects
2076,visual_transformer_resblocks_3,540,Green colored objects
2077,visual_transformer_resblocks_3,541,Black and white color combination
2078,visual_transformer_resblocks_3,542,Airplanes
2079,visual_transformer_resblocks_3,543,Green colored objects
2080,visual_transformer_resblocks_3,544,Green colored objects
2081,visual_transformer_resblocks_3,545,Faces of human beings
2082,visual_transformer_resblocks_3,546,The bottom of circles
2083,visual_transformer_resblocks_3,547,Circular objects
2084,visual_transformer_resblocks_3,548,Red objects
2085,visual_transformer_resblocks_3,549,The left side of the object
2086,visual_transformer_resblocks_3,550,Circular objects
2087,visual_transformer_resblocks_3,551,The left side of the object
2088,visual_transformer_resblocks_3,552,Dogs
2089,visual_transformer_resblocks_3,553,Faces of human beings
2090,visual_transformer_resblocks_3,554,Brown colored objects
2091,visual_transformer_resblocks_3,555,The background
2092,visual_transformer_resblocks_3,556,The left side of the object
2093,visual_transformer_resblocks_3,557,The background
2094,visual_transformer_resblocks_3,558,Black and white colored objects
2095,visual_transformer_resblocks_3,559,Rounded edges in pictures
2096,visual_transformer_resblocks_3,560,Circular objects
2097,visual_transformer_resblocks_3,561,Words
2098,visual_transformer_resblocks_3,562,Edges
2099,visual_transformer_resblocks_3,563,Faces of human beings
2100,visual_transformer_resblocks_3,564,Green colored objects
2101,visual_transformer_resblocks_3,565,Rounded edges in pictures
2102,visual_transformer_resblocks_3,566,Black and white colored objects
2103,visual_transformer_resblocks_3,567,Arches and circles
2104,visual_transformer_resblocks_3,568,Red and white colored objects
2105,visual_transformer_resblocks_3,569,Red and white colored objects
2106,visual_transformer_resblocks_3,570,Black and white colored objects
2107,visual_transformer_resblocks_3,571,Blue skies
2108,visual_transformer_resblocks_3,572,The ground
2109,visual_transformer_resblocks_3,573,Signs
2110,visual_transformer_resblocks_3,574,Green grass
2111,visual_transformer_resblocks_3,575,"Person, animal"
2112,visual_transformer_resblocks_3,576,Black and white colored objects
2113,visual_transformer_resblocks_3,577,Red and yellow objects
2114,visual_transformer_resblocks_3,578,The background
2115,visual_transformer_resblocks_3,579,People
2116,visual_transformer_resblocks_3,580,Faces of human beings
2117,visual_transformer_resblocks_3,581,Circular objects
2118,visual_transformer_resblocks_3,582,Black and white colored objects
2119,visual_transformer_resblocks_3,583,Circular objects
2120,visual_transformer_resblocks_3,584,The left side of people
2121,visual_transformer_resblocks_3,585,Circular objects
2122,visual_transformer_resblocks_3,586,Orange and red objects
2123,visual_transformer_resblocks_3,587,Green colored objects
2124,visual_transformer_resblocks_3,588,Circular objects
2125,visual_transformer_resblocks_3,589,Faces
2126,visual_transformer_resblocks_3,590,Signs
2127,visual_transformer_resblocks_3,591,Green colored objects
2128,visual_transformer_resblocks_3,592,Circular objects
2129,visual_transformer_resblocks_3,593,Numbers and letters
2130,visual_transformer_resblocks_3,594,Vertical lines
2131,visual_transformer_resblocks_3,595,Dog heads
2132,visual_transformer_resblocks_3,596,Faces of human beings
2133,visual_transformer_resblocks_3,597,Circular objects
2134,visual_transformer_resblocks_3,598,Faces of human beings
2135,visual_transformer_resblocks_3,599,Faces of human beings
2136,visual_transformer_resblocks_3,600,Yellow objects
2137,visual_transformer_resblocks_3,601,White borders from objects
2138,visual_transformer_resblocks_3,602,Black and white colored objects
2139,visual_transformer_resblocks_3,603,Rounded edges in pictures
2140,visual_transformer_resblocks_3,604,Horizontal lines
2141,visual_transformer_resblocks_3,605,Circular objects
2142,visual_transformer_resblocks_3,606,Red colored object with text
2143,visual_transformer_resblocks_3,607,Red and white colored objects
2144,visual_transformer_resblocks_3,608,Circular objects
2145,visual_transformer_resblocks_3,609,Green colored objects
2146,visual_transformer_resblocks_3,610,Rounded edges in pictures
2147,visual_transformer_resblocks_3,611,Black and white colored objects
2148,visual_transformer_resblocks_3,612,Circular objects
2149,visual_transformer_resblocks_3,613,Green colored objects
2150,visual_transformer_resblocks_3,614,Black and white colored objects
2151,visual_transformer_resblocks_3,615,The area above a object
2152,visual_transformer_resblocks_3,616,Brown colored objects
2153,visual_transformer_resblocks_3,617,Dogs
2154,visual_transformer_resblocks_3,618,Black and white colored objects
2155,visual_transformer_resblocks_3,619,Circular objects
2156,visual_transformer_resblocks_3,620,The left side of a object
2157,visual_transformer_resblocks_3,621,People 's faces
2158,visual_transformer_resblocks_3,622,Words and letters
2159,visual_transformer_resblocks_3,623,Black and white colored objects
2160,visual_transformer_resblocks_3,624,Green colored objects
2161,visual_transformer_resblocks_3,625,Faces of human beings
2162,visual_transformer_resblocks_3,626,Sign boards with text in it
2163,visual_transformer_resblocks_3,627,Red and white objects
2164,visual_transformer_resblocks_3,628,Words
2165,visual_transformer_resblocks_3,629,Faces of human beings
2166,visual_transformer_resblocks_3,630,The left side of the object
2167,visual_transformer_resblocks_3,631,The left side of the object
2168,visual_transformer_resblocks_3,632,Circular objects
2169,visual_transformer_resblocks_3,633,Rounded edges in pictures
2170,visual_transformer_resblocks_3,634,Faces
2171,visual_transformer_resblocks_3,635,The ground
2172,visual_transformer_resblocks_3,636,Circular objects
2173,visual_transformer_resblocks_3,637,Circular objects
2174,visual_transformer_resblocks_3,638,Green colored objects
2175,visual_transformer_resblocks_3,639,Circular objects
2176,visual_transformer_resblocks_3,640,Words
2177,visual_transformer_resblocks_3,641,Rounded objects
2178,visual_transformer_resblocks_3,642,Vertical lines
2179,visual_transformer_resblocks_3,643,The sky
2180,visual_transformer_resblocks_3,644,Circular objects
2181,visual_transformer_resblocks_3,645,Horizontal lines
2182,visual_transformer_resblocks_3,646,Brown colored objects
2183,visual_transformer_resblocks_3,647,Rounded edges in pictures
2184,visual_transformer_resblocks_3,648,Faces of human beings
2185,visual_transformer_resblocks_3,649,White areas in pictures
2186,visual_transformer_resblocks_3,650,Vertical lines
2187,visual_transformer_resblocks_3,651,The ground
2188,visual_transformer_resblocks_3,652,Green colored objects
2189,visual_transformer_resblocks_3,653,Faces
2190,visual_transformer_resblocks_3,654,Black and white objects
2191,visual_transformer_resblocks_3,655,Faces of human beings
2192,visual_transformer_resblocks_3,656,Faces
2193,visual_transformer_resblocks_3,657,Red and white colored objects
2194,visual_transformer_resblocks_3,658,Words
2195,visual_transformer_resblocks_3,659,Circular objects
2196,visual_transformer_resblocks_3,660,Dogs
2197,visual_transformer_resblocks_3,661,People 's heads
2198,visual_transformer_resblocks_3,662,Faces
2199,visual_transformer_resblocks_3,663,Circular objects
2200,visual_transformer_resblocks_3,664,Textured areas
2201,visual_transformer_resblocks_3,665,Cylindrical objects
2202,visual_transformer_resblocks_3,666,The background
2203,visual_transformer_resblocks_3,667,People and animals
2204,visual_transformer_resblocks_3,668,Black and white colored objects
2205,visual_transformer_resblocks_3,669,Red and white colored objects
2206,visual_transformer_resblocks_3,670,Faces
2207,visual_transformer_resblocks_3,671,Written text
2208,visual_transformer_resblocks_3,672,The sky and walls
2209,visual_transformer_resblocks_3,673,Black and white colored objects
2210,visual_transformer_resblocks_3,674,The bottom of circles
2211,visual_transformer_resblocks_3,675,Circular objects
2212,visual_transformer_resblocks_3,676,Rounded edges in pictures
2213,visual_transformer_resblocks_3,677,Words
2214,visual_transformer_resblocks_3,678,The background
2215,visual_transformer_resblocks_3,679,Blue skies and white walls
2216,visual_transformer_resblocks_3,680,No noticeable pattern
2217,visual_transformer_resblocks_3,681,Cubed objects
2218,visual_transformer_resblocks_3,682,Rounded edges in pictures
2219,visual_transformer_resblocks_3,683,Circular objects
2220,visual_transformer_resblocks_3,684,Brown colored objects
2221,visual_transformer_resblocks_3,685,Rounded edges in pictures
2222,visual_transformer_resblocks_3,686,Black and white colored objects
2223,visual_transformer_resblocks_3,687,Circular objects
2224,visual_transformer_resblocks_3,688,Circular objects
2225,visual_transformer_resblocks_3,689,Round objects
2226,visual_transformer_resblocks_3,690,Green colored objects
2227,visual_transformer_resblocks_3,691,The left side of the object
2228,visual_transformer_resblocks_3,692,Faces of human beings
2229,visual_transformer_resblocks_3,693,Black and white colored objects
2230,visual_transformer_resblocks_3,694,Diagonal lines
2231,visual_transformer_resblocks_3,695,Rounded edges in pictures
2232,visual_transformer_resblocks_3,696,"People, structure, grass, animal"
2233,visual_transformer_resblocks_3,697,Rounded edges in pictures
2234,visual_transformer_resblocks_3,698,People and bikes
2235,visual_transformer_resblocks_3,699,The ground
2236,visual_transformer_resblocks_3,700,Black and white colored objects
2237,visual_transformer_resblocks_3,701,Faces of human beings
2238,visual_transformer_resblocks_3,702,Circular objects
2239,visual_transformer_resblocks_3,703,Written text
2240,visual_transformer_resblocks_3,704,Circular objects
2241,visual_transformer_resblocks_3,705,Diagonal lines
2242,visual_transformer_resblocks_3,706,Faces of human beings
2243,visual_transformer_resblocks_3,707,The ground
2244,visual_transformer_resblocks_3,708,Words
2245,visual_transformer_resblocks_3,709,Edges of objects
2246,visual_transformer_resblocks_3,710,Edges of objects
2247,visual_transformer_resblocks_3,711,Words
2248,visual_transformer_resblocks_3,712,Sign boards with text in it
2249,visual_transformer_resblocks_3,713,The ground
2250,visual_transformer_resblocks_3,714,Rounded edges in pictures
2251,visual_transformer_resblocks_3,715,Circular objects
2252,visual_transformer_resblocks_3,716,Arches
2253,visual_transformer_resblocks_3,717,Black and white colored objects
2254,visual_transformer_resblocks_3,718,Faces
2255,visual_transformer_resblocks_3,719,Faces of human beings
2256,visual_transformer_resblocks_3,720,The ground
2257,visual_transformer_resblocks_3,721,Circular objects
2258,visual_transformer_resblocks_3,722,Circular objects
2259,visual_transformer_resblocks_3,723,Red and white colored objects
2260,visual_transformer_resblocks_3,724,Rounded edges in pictures
2261,visual_transformer_resblocks_3,725,Faces of human beings
2262,visual_transformer_resblocks_3,726,Black and white colored objects
2263,visual_transformer_resblocks_3,727,Circular objects
2264,visual_transformer_resblocks_3,728,Brown colored objects
2265,visual_transformer_resblocks_3,729,Faces of human beings
2266,visual_transformer_resblocks_3,730,Red and white colored objects
2267,visual_transformer_resblocks_3,731,Circular objects
2268,visual_transformer_resblocks_3,732,Green colored objects
2269,visual_transformer_resblocks_3,733,Brown colored objects
2270,visual_transformer_resblocks_3,734,Faces of human beings
2271,visual_transformer_resblocks_3,735,White colored objects
2272,visual_transformer_resblocks_3,736,Black and white colored objects
2273,visual_transformer_resblocks_3,737,Circular objects
2274,visual_transformer_resblocks_3,738,Blue and red objects
2275,visual_transformer_resblocks_3,739,The ground
2276,visual_transformer_resblocks_3,740,Black and white colored objects
2277,visual_transformer_resblocks_3,741,Black and white colored objects
2278,visual_transformer_resblocks_3,742,Circular objects
2279,visual_transformer_resblocks_3,743,Words
2280,visual_transformer_resblocks_3,744,Red and white colored objects
2281,visual_transformer_resblocks_3,745,Rounded edges in pictures
2282,visual_transformer_resblocks_3,746,Circular objects
2283,visual_transformer_resblocks_3,747,Faces of human beings
2284,visual_transformer_resblocks_3,748,Circular objects
2285,visual_transformer_resblocks_3,749,Faces of things
2286,visual_transformer_resblocks_3,750,Black and white colored objects
2287,visual_transformer_resblocks_3,751,Green colored objects
2288,visual_transformer_resblocks_3,752,Black and white colored objects
2289,visual_transformer_resblocks_3,753,Circular objects
2290,visual_transformer_resblocks_3,754,Sign boards with text in it
2291,visual_transformer_resblocks_3,755,Circular objects
2292,visual_transformer_resblocks_3,756,Brown colored objects
2293,visual_transformer_resblocks_3,757,Black and white colored objects
2294,visual_transformer_resblocks_3,758,Green colored objects
2295,visual_transformer_resblocks_3,759,Black and white colored objects
2296,visual_transformer_resblocks_3,760,Circular objects
2297,visual_transformer_resblocks_3,761,Faces
2298,visual_transformer_resblocks_3,762,White objects
2299,visual_transformer_resblocks_3,763,Dogs and other animals
2300,visual_transformer_resblocks_3,764,"Person, animal"
2301,visual_transformer_resblocks_3,765,Red objects
2302,visual_transformer_resblocks_3,766,Red and white colored objects
2303,visual_transformer_resblocks_3,767,Circular objects
2304,visual_transformer_resblocks_6,0,The tops of buildings
2305,visual_transformer_resblocks_6,1,Circular objects
2306,visual_transformer_resblocks_6,2,Faces of human beings
2307,visual_transformer_resblocks_6,3,Circular objects
2308,visual_transformer_resblocks_6,4,The sky
2309,visual_transformer_resblocks_6,5,The ground
2310,visual_transformer_resblocks_6,6,Circular objects
2311,visual_transformer_resblocks_6,7,Dog heads
2312,visual_transformer_resblocks_6,8,Square objects
2313,visual_transformer_resblocks_6,9,Red and white colored objects
2314,visual_transformer_resblocks_6,10,Blurry natural backgrounds
2315,visual_transformer_resblocks_6,11,Black and white colored objects
2316,visual_transformer_resblocks_6,12,Round objects
2317,visual_transformer_resblocks_6,13,The tops of objects
2318,visual_transformer_resblocks_6,14,Circular objects
2319,visual_transformer_resblocks_6,15,The sky and grass
2320,visual_transformer_resblocks_6,16,The ground
2321,visual_transformer_resblocks_6,17,The ground
2322,visual_transformer_resblocks_6,18,White colored objects
2323,visual_transformer_resblocks_6,19,Green colored objects
2324,visual_transformer_resblocks_6,20,Nature
2325,visual_transformer_resblocks_6,21,Green colored objects
2326,visual_transformer_resblocks_6,22,Arches
2327,visual_transformer_resblocks_6,23,Faces of human beings
2328,visual_transformer_resblocks_6,24,Vehicles
2329,visual_transformer_resblocks_6,25,Green colored objects
2330,visual_transformer_resblocks_6,26,Circular objects
2331,visual_transformer_resblocks_6,27,Arches
2332,visual_transformer_resblocks_6,28,Signage and signs
2333,visual_transformer_resblocks_6,29,Green grass
2334,visual_transformer_resblocks_6,30,The ground
2335,visual_transformer_resblocks_6,31,Red and white colored objects
2336,visual_transformer_resblocks_6,32,Hands of humans
2337,visual_transformer_resblocks_6,33,Cars and planes
2338,visual_transformer_resblocks_6,34,Sunsets and the sky
2339,visual_transformer_resblocks_6,35,Faces of human beings
2340,visual_transformer_resblocks_6,36,Diagonal lines
2341,visual_transformer_resblocks_6,37,The bottom of the object
2342,visual_transformer_resblocks_6,38,Red and white colored objects
2343,visual_transformer_resblocks_6,39,The sky
2344,visual_transformer_resblocks_6,40,The ground
2345,visual_transformer_resblocks_6,41,The tops of buildings
2346,visual_transformer_resblocks_6,42,Edges of objects
2347,visual_transformer_resblocks_6,43,Rounded edges in pictures
2348,visual_transformer_resblocks_6,44,"People, structure, grass"
2349,visual_transformer_resblocks_6,45,The ground
2350,visual_transformer_resblocks_6,46,Dogs
2351,visual_transformer_resblocks_6,47,Black and white colored objects
2352,visual_transformer_resblocks_6,48,Circular objects
2353,visual_transformer_resblocks_6,49,The background
2354,visual_transformer_resblocks_6,50,Faces
2355,visual_transformer_resblocks_6,51,Dog noses
2356,visual_transformer_resblocks_6,52,Faces of human beings
2357,visual_transformer_resblocks_6,53,Red and white objects
2358,visual_transformer_resblocks_6,54,Grass
2359,visual_transformer_resblocks_6,55,The sky and trees
2360,visual_transformer_resblocks_6,56,The ground
2361,visual_transformer_resblocks_6,57,Babies and white objects
2362,visual_transformer_resblocks_6,58,Landscapes
2363,visual_transformer_resblocks_6,59,The sky
2364,visual_transformer_resblocks_6,60,The ground
2365,visual_transformer_resblocks_6,61,Nature
2366,visual_transformer_resblocks_6,62,The left side of the object
2367,visual_transformer_resblocks_6,63,Black and white colored objects
2368,visual_transformer_resblocks_6,64,Circular objects
2369,visual_transformer_resblocks_6,65,Green colored objects
2370,visual_transformer_resblocks_6,66,Legs of people and animals
2371,visual_transformer_resblocks_6,67,The sky
2372,visual_transformer_resblocks_6,68,People
2373,visual_transformer_resblocks_6,69,The ground
2374,visual_transformer_resblocks_6,70,Rounded objects
2375,visual_transformer_resblocks_6,71,Green colored objects
2376,visual_transformer_resblocks_6,72,Faces of human beings
2377,visual_transformer_resblocks_6,73,Black and white colored objects
2378,visual_transformer_resblocks_6,74,The ground
2379,visual_transformer_resblocks_6,75,Hats
2380,visual_transformer_resblocks_6,76,The tops of buildings
2381,visual_transformer_resblocks_6,77,Faces of human beings
2382,visual_transformer_resblocks_6,78,Black and white colored objects
2383,visual_transformer_resblocks_6,79,The sky
2384,visual_transformer_resblocks_6,80,Black and white colored objects
2385,visual_transformer_resblocks_6,81,White objects
2386,visual_transformer_resblocks_6,82,Arches
2387,visual_transformer_resblocks_6,83,People
2388,visual_transformer_resblocks_6,84,Faces of human beings
2389,visual_transformer_resblocks_6,85,The left side of people
2390,visual_transformer_resblocks_6,86,The ground
2391,visual_transformer_resblocks_6,87,Red and white colored objects
2392,visual_transformer_resblocks_6,88,Red and white colored objects
2393,visual_transformer_resblocks_6,89,Dog heads
2394,visual_transformer_resblocks_6,90,The top of a building
2395,visual_transformer_resblocks_6,91,Black and white colored objects
2396,visual_transformer_resblocks_6,92,Faces of human beings
2397,visual_transformer_resblocks_6,93,Circular objects
2398,visual_transformer_resblocks_6,94,The tops of buildings
2399,visual_transformer_resblocks_6,95,"Person, animal"
2400,visual_transformer_resblocks_6,96,Brown colored objects
2401,visual_transformer_resblocks_6,97,Red and white colored objects
2402,visual_transformer_resblocks_6,98,Circular objects
2403,visual_transformer_resblocks_6,99,Circular objects
2404,visual_transformer_resblocks_6,100,Black and white objects
2405,visual_transformer_resblocks_6,101,Black and white colored objects
2406,visual_transformer_resblocks_6,102,Circular objects
2407,visual_transformer_resblocks_6,103,The sky
2408,visual_transformer_resblocks_6,104,Flowers and balls
2409,visual_transformer_resblocks_6,105,Animals and people
2410,visual_transformer_resblocks_6,106,The tops of buildings
2411,visual_transformer_resblocks_6,107,Animal
2412,visual_transformer_resblocks_6,108,The tops of circular objects
2413,visual_transformer_resblocks_6,109,The tops of buildings
2414,visual_transformer_resblocks_6,110,The ground
2415,visual_transformer_resblocks_6,111,Dogs and vehicles
2416,visual_transformer_resblocks_6,112,People
2417,visual_transformer_resblocks_6,113,Circular objects
2418,visual_transformer_resblocks_6,114,Faces of people
2419,visual_transformer_resblocks_6,115,Faces of human beings
2420,visual_transformer_resblocks_6,116,Blurry backgrounds
2421,visual_transformer_resblocks_6,117,The sky
2422,visual_transformer_resblocks_6,118,The tops of buildings
2423,visual_transformer_resblocks_6,119,Round objects
2424,visual_transformer_resblocks_6,120,The left side of a object
2425,visual_transformer_resblocks_6,121,Green colored objects
2426,visual_transformer_resblocks_6,122,The sky and trees
2427,visual_transformer_resblocks_6,123,Arches
2428,visual_transformer_resblocks_6,124,Red and white colored objects
2429,visual_transformer_resblocks_6,125,Circular objects
2430,visual_transformer_resblocks_6,126,Red and white objects
2431,visual_transformer_resblocks_6,127,Faces
2432,visual_transformer_resblocks_6,128,People eating cake
2433,visual_transformer_resblocks_6,129,The ground
2434,visual_transformer_resblocks_6,130,People
2435,visual_transformer_resblocks_6,131,Stripes
2436,visual_transformer_resblocks_6,132,Blue colored objects
2437,visual_transformer_resblocks_6,133,Old buildings
2438,visual_transformer_resblocks_6,134,Diagonal lines
2439,visual_transformer_resblocks_6,135,Red and orange objects
2440,visual_transformer_resblocks_6,136,The tops of buildings
2441,visual_transformer_resblocks_6,137,Green colored objects
2442,visual_transformer_resblocks_6,138,Red and white colored objects
2443,visual_transformer_resblocks_6,139,The tops of objects
2444,visual_transformer_resblocks_6,140,Faces of human beings
2445,visual_transformer_resblocks_6,141,Circular objects
2446,visual_transformer_resblocks_6,142,Black and white colored objects
2447,visual_transformer_resblocks_6,143,Trees
2448,visual_transformer_resblocks_6,144,Brown colored objects
2449,visual_transformer_resblocks_6,145,Blue skies and dogs
2450,visual_transformer_resblocks_6,146,The sky
2451,visual_transformer_resblocks_6,147,Landscapes
2452,visual_transformer_resblocks_6,148,Arches
2453,visual_transformer_resblocks_6,149,The ground
2454,visual_transformer_resblocks_6,150,Rounded edges in pictures
2455,visual_transformer_resblocks_6,151,The ground
2456,visual_transformer_resblocks_6,152,Dog faces
2457,visual_transformer_resblocks_6,153,Circular objects
2458,visual_transformer_resblocks_6,154,Circular objects
2459,visual_transformer_resblocks_6,155,Dog heads
2460,visual_transformer_resblocks_6,156,Circular objects
2461,visual_transformer_resblocks_6,157,Pink colored objects
2462,visual_transformer_resblocks_6,158,Black and white colored objects
2463,visual_transformer_resblocks_6,159,Nature
2464,visual_transformer_resblocks_6,160,The bottom of the wheels
2465,visual_transformer_resblocks_6,161,Dog heads
2466,visual_transformer_resblocks_6,162,The sky
2467,visual_transformer_resblocks_6,163,The ground
2468,visual_transformer_resblocks_6,164,The top of a building
2469,visual_transformer_resblocks_6,165,Red and white colored objects
2470,visual_transformer_resblocks_6,166,The ground
2471,visual_transformer_resblocks_6,167,The sky
2472,visual_transformer_resblocks_6,168,People
2473,visual_transformer_resblocks_6,169,Dogs and vehicles
2474,visual_transformer_resblocks_6,170,Pink colored objects
2475,visual_transformer_resblocks_6,171,The tops of buildings
2476,visual_transformer_resblocks_6,172,Faces of human beings
2477,visual_transformer_resblocks_6,173,The ground
2478,visual_transformer_resblocks_6,174,Faces of human beings
2479,visual_transformer_resblocks_6,175,Edges of objects
2480,visual_transformer_resblocks_6,176,The ground
2481,visual_transformer_resblocks_6,177,Circular objects
2482,visual_transformer_resblocks_6,178,Numbers and letters
2483,visual_transformer_resblocks_6,179,Round objects
2484,visual_transformer_resblocks_6,180,Green grass
2485,visual_transformer_resblocks_6,181,Red and white colored objects
2486,visual_transformer_resblocks_6,182,Faces of people
2487,visual_transformer_resblocks_6,183,Water
2488,visual_transformer_resblocks_6,184,Vehicles
2489,visual_transformer_resblocks_6,185,Edges of objects
2490,visual_transformer_resblocks_6,186,Faces of human beings
2491,visual_transformer_resblocks_6,187,The ground
2492,visual_transformer_resblocks_6,188,Circular objects
2493,visual_transformer_resblocks_6,189,Wheels
2494,visual_transformer_resblocks_6,190,Diagonal lines
2495,visual_transformer_resblocks_6,191,Faces of people
2496,visual_transformer_resblocks_6,192,The ground
2497,visual_transformer_resblocks_6,193,People and trees
2498,visual_transformer_resblocks_6,194,Red and white colored objects
2499,visual_transformer_resblocks_6,195,Rounded objects
2500,visual_transformer_resblocks_6,196,Faces
2501,visual_transformer_resblocks_6,197,Blue objects
2502,visual_transformer_resblocks_6,198,Faces of human beings
2503,visual_transformer_resblocks_6,199,The ground
2504,visual_transformer_resblocks_6,200,Rounded objects
2505,visual_transformer_resblocks_6,201,Red and white objects
2506,visual_transformer_resblocks_6,202,Round objects
2507,visual_transformer_resblocks_6,203,Dog heads
2508,visual_transformer_resblocks_6,204,Rounded edges in pictures
2509,visual_transformer_resblocks_6,205,The background
2510,visual_transformer_resblocks_6,206,The ground
2511,visual_transformer_resblocks_6,207,Circular objects
2512,visual_transformer_resblocks_6,208,Faces of human beings
2513,visual_transformer_resblocks_6,209,Trees
2514,visual_transformer_resblocks_6,210,The ground
2515,visual_transformer_resblocks_6,211,Round objects
2516,visual_transformer_resblocks_6,212,Dogs
2517,visual_transformer_resblocks_6,213,"The sky, water, and trees"
2518,visual_transformer_resblocks_6,214,"The sky, water, and furniture"
2519,visual_transformer_resblocks_6,215,Brown colored objects
2520,visual_transformer_resblocks_6,216,Blue and red objects
2521,visual_transformer_resblocks_6,217,Red and white colored objects
2522,visual_transformer_resblocks_6,218,Landscapes
2523,visual_transformer_resblocks_6,219,Faces of animals
2524,visual_transformer_resblocks_6,220,Faces of human beings
2525,visual_transformer_resblocks_6,221,Sign boards with text in it
2526,visual_transformer_resblocks_6,222,Blue sky and white backgrounds
2527,visual_transformer_resblocks_6,223,Faces of human beings
2528,visual_transformer_resblocks_6,224,Faces of human beings
2529,visual_transformer_resblocks_6,225,The ground
2530,visual_transformer_resblocks_6,226,Volcanoes and mountains
2531,visual_transformer_resblocks_6,227,Red and white colored objects
2532,visual_transformer_resblocks_6,228,Black and white colored objects
2533,visual_transformer_resblocks_6,229,Faces of human beings
2534,visual_transformer_resblocks_6,230,People and animals
2535,visual_transformer_resblocks_6,231,Faces
2536,visual_transformer_resblocks_6,232,Black and white colored objects
2537,visual_transformer_resblocks_6,233,Rounded edges in pictures
2538,visual_transformer_resblocks_6,234,Animals and people
2539,visual_transformer_resblocks_6,235,Brown colored objects
2540,visual_transformer_resblocks_6,236,Red and white objects
2541,visual_transformer_resblocks_6,237,The sky
2542,visual_transformer_resblocks_6,238,Dogs and people
2543,visual_transformer_resblocks_6,239,Dog heads
2544,visual_transformer_resblocks_6,240,The sky and dog noses
2545,visual_transformer_resblocks_6,241,Black and white colored objects
2546,visual_transformer_resblocks_6,242,The ocean
2547,visual_transformer_resblocks_6,243,Faces of human beings
2548,visual_transformer_resblocks_6,244,The tops of buildings
2549,visual_transformer_resblocks_6,245,Round objects
2550,visual_transformer_resblocks_6,246,Green grass
2551,visual_transformer_resblocks_6,247,Faces of human beings
2552,visual_transformer_resblocks_6,248,The sky
2553,visual_transformer_resblocks_6,249,Buildings
2554,visual_transformer_resblocks_6,250,"The sky, water, and walls"
2555,visual_transformer_resblocks_6,251,The tops of buildings
2556,visual_transformer_resblocks_6,252,The ground
2557,visual_transformer_resblocks_6,253,Signage and vehicles
2558,visual_transformer_resblocks_6,254,Faces of human beings
2559,visual_transformer_resblocks_6,255,The sky
2560,visual_transformer_resblocks_6,256,Background of objects
2561,visual_transformer_resblocks_6,257,Red telephone booths
2562,visual_transformer_resblocks_6,258,The ground
2563,visual_transformer_resblocks_6,259,Dog noses
2564,visual_transformer_resblocks_6,260,Dog faces
2565,visual_transformer_resblocks_6,261,Black and white colored objects
2566,visual_transformer_resblocks_6,262,The ground
2567,visual_transformer_resblocks_6,263,Buildings
2568,visual_transformer_resblocks_6,264,The sky
2569,visual_transformer_resblocks_6,265,The sky
2570,visual_transformer_resblocks_6,266,Circular objects
2571,visual_transformer_resblocks_6,267,Faces of human beings
2572,visual_transformer_resblocks_6,268,Black and white colored objects
2573,visual_transformer_resblocks_6,269,The background
2574,visual_transformer_resblocks_6,270,Red and white colored objects
2575,visual_transformer_resblocks_6,271,White skin
2576,visual_transformer_resblocks_6,272,The ground
2577,visual_transformer_resblocks_6,273,Round objects
2578,visual_transformer_resblocks_6,274,Faces of people
2579,visual_transformer_resblocks_6,275,The ground
2580,visual_transformer_resblocks_6,276,Trees and people
2581,visual_transformer_resblocks_6,277,Dog heads
2582,visual_transformer_resblocks_6,278,The ground
2583,visual_transformer_resblocks_6,279,Faces of human beings
2584,visual_transformer_resblocks_6,280,Faces of human beings
2585,visual_transformer_resblocks_6,281,"Person, animal"
2586,visual_transformer_resblocks_6,282,Dogs and other animals
2587,visual_transformer_resblocks_6,283,Nature
2588,visual_transformer_resblocks_6,284,The left side of the object
2589,visual_transformer_resblocks_6,285,Animals
2590,visual_transformer_resblocks_6,286,The left side of a object
2591,visual_transformer_resblocks_6,287,Faces of human beings
2592,visual_transformer_resblocks_6,288,Blue skies
2593,visual_transformer_resblocks_6,289,Dog faces
2594,visual_transformer_resblocks_6,290,Black and white colored objects
2595,visual_transformer_resblocks_6,291,Red and white colored objects
2596,visual_transformer_resblocks_6,292,The sky
2597,visual_transformer_resblocks_6,293,Green colored object with stripes
2598,visual_transformer_resblocks_6,294,Trees
2599,visual_transformer_resblocks_6,295,Animals and circular objects
2600,visual_transformer_resblocks_6,296,Trees
2601,visual_transformer_resblocks_6,297,"The sky, water, and trees"
2602,visual_transformer_resblocks_6,298,Circular objects
2603,visual_transformer_resblocks_6,299,Red and white colored objects
2604,visual_transformer_resblocks_6,300,Trees
2605,visual_transformer_resblocks_6,301,Red and yellow colored objects
2606,visual_transformer_resblocks_6,302,Round objects
2607,visual_transformer_resblocks_6,303,The sky
2608,visual_transformer_resblocks_6,304,Black and white colored objects
2609,visual_transformer_resblocks_6,305,Red and white colored objects
2610,visual_transformer_resblocks_6,306,Circular objects
2611,visual_transformer_resblocks_6,307,"The sky, animal, person"
2612,visual_transformer_resblocks_6,308,The background
2613,visual_transformer_resblocks_6,309,Black and white colored objects
2614,visual_transformer_resblocks_6,310,Top of a building
2615,visual_transformer_resblocks_6,311,The ground
2616,visual_transformer_resblocks_6,312,The background
2617,visual_transformer_resblocks_6,313,The left side of people
2618,visual_transformer_resblocks_6,314,The ground
2619,visual_transformer_resblocks_6,315,The sky
2620,visual_transformer_resblocks_6,316,Red and white colored objects
2621,visual_transformer_resblocks_6,317,Trees
2622,visual_transformer_resblocks_6,318,Dogs
2623,visual_transformer_resblocks_6,319,Red and white colored objects
2624,visual_transformer_resblocks_6,320,Blue skies
2625,visual_transformer_resblocks_6,321,The tops of buildings
2626,visual_transformer_resblocks_6,322,Brown colored objects
2627,visual_transformer_resblocks_6,323,Red and white colored objects
2628,visual_transformer_resblocks_6,324,Black and white colored objects
2629,visual_transformer_resblocks_6,325,Green grass
2630,visual_transformer_resblocks_6,326,The ground
2631,visual_transformer_resblocks_6,327,Dogs and vehicles
2632,visual_transformer_resblocks_6,328,Circular objects
2633,visual_transformer_resblocks_6,329,Arches
2634,visual_transformer_resblocks_6,330,People 's heads
2635,visual_transformer_resblocks_6,331,The ground
2636,visual_transformer_resblocks_6,332,The color green
2637,visual_transformer_resblocks_6,333,Green colored objects
2638,visual_transformer_resblocks_6,334,Dogs
2639,visual_transformer_resblocks_6,335,Faces
2640,visual_transformer_resblocks_6,336,Arches
2641,visual_transformer_resblocks_6,337,People and animals
2642,visual_transformer_resblocks_6,338,The sky
2643,visual_transformer_resblocks_6,339,Red and white colored objects
2644,visual_transformer_resblocks_6,340,Vehicles
2645,visual_transformer_resblocks_6,341,People and vehicles
2646,visual_transformer_resblocks_6,342,Tree branches without leaves
2647,visual_transformer_resblocks_6,343,Roofs
2648,visual_transformer_resblocks_6,344,Rectangular objects
2649,visual_transformer_resblocks_6,345,The tops of buildings
2650,visual_transformer_resblocks_6,346,Circular objects
2651,visual_transformer_resblocks_6,347,Vehicles
2652,visual_transformer_resblocks_6,348,Circular objects
2653,visual_transformer_resblocks_6,349,The ground
2654,visual_transformer_resblocks_6,350,The ground
2655,visual_transformer_resblocks_6,351,The tops of buildings
2656,visual_transformer_resblocks_6,352,Red and white objects
2657,visual_transformer_resblocks_6,353,Arches
2658,visual_transformer_resblocks_6,354,Scales and fathers
2659,visual_transformer_resblocks_6,355,Dogs and people
2660,visual_transformer_resblocks_6,356,"People, sky"
2661,visual_transformer_resblocks_6,357,Dog noses
2662,visual_transformer_resblocks_6,358,The tops of buildings
2663,visual_transformer_resblocks_6,359,Faces of human beings
2664,visual_transformer_resblocks_6,360,Dog faces
2665,visual_transformer_resblocks_6,361,Dog heads
2666,visual_transformer_resblocks_6,362,Animals and people
2667,visual_transformer_resblocks_6,363,Round objects
2668,visual_transformer_resblocks_6,364,Animals and people
2669,visual_transformer_resblocks_6,365,Rounded edges in pictures
2670,visual_transformer_resblocks_6,366,Landscapes
2671,visual_transformer_resblocks_6,367,Faces of human beings
2672,visual_transformer_resblocks_6,368,Water and sky
2673,visual_transformer_resblocks_6,369,Vehicles
2674,visual_transformer_resblocks_6,370,Arches and circles
2675,visual_transformer_resblocks_6,371,Red colored object with text
2676,visual_transformer_resblocks_6,372,The ground
2677,visual_transformer_resblocks_6,373,The ground
2678,visual_transformer_resblocks_6,374,Trees
2679,visual_transformer_resblocks_6,375,Red and white colored objects
2680,visual_transformer_resblocks_6,376,Circular objects
2681,visual_transformer_resblocks_6,377,Buildings
2682,visual_transformer_resblocks_6,378,Faces of animals
2683,visual_transformer_resblocks_6,379,Round objects
2684,visual_transformer_resblocks_6,380,Circular objects
2685,visual_transformer_resblocks_6,381,Buildings
2686,visual_transformer_resblocks_6,382,The background
2687,visual_transformer_resblocks_6,383,Grass
2688,visual_transformer_resblocks_6,384,Rounded edges in pictures
2689,visual_transformer_resblocks_6,385,Writing
2690,visual_transformer_resblocks_6,386,The sky
2691,visual_transformer_resblocks_6,387,Balloons and water
2692,visual_transformer_resblocks_6,388,Blue and red objects
2693,visual_transformer_resblocks_6,389,Round objects
2694,visual_transformer_resblocks_6,390,Living things
2695,visual_transformer_resblocks_6,391,Cars and planes
2696,visual_transformer_resblocks_6,392,Dog faces
2697,visual_transformer_resblocks_6,393,The area above a object
2698,visual_transformer_resblocks_6,394,The ground
2699,visual_transformer_resblocks_6,395,Rounded edges in pictures
2700,visual_transformer_resblocks_6,396,People
2701,visual_transformer_resblocks_6,397,The ground
2702,visual_transformer_resblocks_6,398,Red and white objects
2703,visual_transformer_resblocks_6,399,Grass
2704,visual_transformer_resblocks_6,400,Round objects
2705,visual_transformer_resblocks_6,401,The tops of buildings
2706,visual_transformer_resblocks_6,402,Green colored objects
2707,visual_transformer_resblocks_6,403,Circular objects
2708,visual_transformer_resblocks_6,404,Sunsets
2709,visual_transformer_resblocks_6,405,Rounded edges in pictures
2710,visual_transformer_resblocks_6,406,Black and white colored objects
2711,visual_transformer_resblocks_6,407,Faces of people
2712,visual_transformer_resblocks_6,408,Edges of objects
2713,visual_transformer_resblocks_6,409,"People, structure, grass, animal"
2714,visual_transformer_resblocks_6,410,Dogs
2715,visual_transformer_resblocks_6,411,Landscapes
2716,visual_transformer_resblocks_6,412,Green colored objects
2717,visual_transformer_resblocks_6,413,Faces of things
2718,visual_transformer_resblocks_6,414,The sky
2719,visual_transformer_resblocks_6,415,Black and white colored objects
2720,visual_transformer_resblocks_6,416,Red and white colored objects
2721,visual_transformer_resblocks_6,417,Circular objects
2722,visual_transformer_resblocks_6,418,"The sky, animal, person"
2723,visual_transformer_resblocks_6,419,Red and white colored objects
2724,visual_transformer_resblocks_6,420,Red and white colored objects
2725,visual_transformer_resblocks_6,421,Blue skies and bodies
2726,visual_transformer_resblocks_6,422,Black and white colored objects
2727,visual_transformer_resblocks_6,423,Cars and buildings
2728,visual_transformer_resblocks_6,424,Regions with straight features
2729,visual_transformer_resblocks_6,425,Dog heads
2730,visual_transformer_resblocks_6,426,Animals and circular objects
2731,visual_transformer_resblocks_6,427,Round objects
2732,visual_transformer_resblocks_6,428,Dog heads
2733,visual_transformer_resblocks_6,429,The ground
2734,visual_transformer_resblocks_6,430,Dog faces
2735,visual_transformer_resblocks_6,431,Faces of human beings
2736,visual_transformer_resblocks_6,432,Red and white colored objects
2737,visual_transformer_resblocks_6,433,The ground
2738,visual_transformer_resblocks_6,434,Dog ears
2739,visual_transformer_resblocks_6,435,Dog noses
2740,visual_transformer_resblocks_6,436,The top of buildings
2741,visual_transformer_resblocks_6,437,Red and white objects
2742,visual_transformer_resblocks_6,438,Vehicles
2743,visual_transformer_resblocks_6,439,Circular objects
2744,visual_transformer_resblocks_6,440,Dogs
2745,visual_transformer_resblocks_6,441,Red and white colored objects
2746,visual_transformer_resblocks_6,442,Green colored objects
2747,visual_transformer_resblocks_6,443,Circular objects
2748,visual_transformer_resblocks_6,444,Dogs
2749,visual_transformer_resblocks_6,445,Circular objects
2750,visual_transformer_resblocks_6,446,The sky
2751,visual_transformer_resblocks_6,447,Car wheels
2752,visual_transformer_resblocks_6,448,Circular objects
2753,visual_transformer_resblocks_6,449,The ground
2754,visual_transformer_resblocks_6,450,Red and white colored objects
2755,visual_transformer_resblocks_6,451,The ground
2756,visual_transformer_resblocks_6,452,Dog noses
2757,visual_transformer_resblocks_6,453,Dog heads
2758,visual_transformer_resblocks_6,454,Vehicles
2759,visual_transformer_resblocks_6,455,Black and white colored objects
2760,visual_transformer_resblocks_6,456,The ground
2761,visual_transformer_resblocks_6,457,Red and white colored objects
2762,visual_transformer_resblocks_6,458,Circular objects
2763,visual_transformer_resblocks_6,459,Red and white objects
2764,visual_transformer_resblocks_6,460,Rounded edges in pictures
2765,visual_transformer_resblocks_6,461,Rounded edges in pictures
2766,visual_transformer_resblocks_6,462,Red and white objects
2767,visual_transformer_resblocks_6,463,The ground
2768,visual_transformer_resblocks_6,464,Red and white colored objects
2769,visual_transformer_resblocks_6,465,Faces of human beings
2770,visual_transformer_resblocks_6,466,The tops of buildings
2771,visual_transformer_resblocks_6,467,Faces of human beings
2772,visual_transformer_resblocks_6,468,Faces of human beings
2773,visual_transformer_resblocks_6,469,Faces
2774,visual_transformer_resblocks_6,470,Animals and circular objects
2775,visual_transformer_resblocks_6,471,People and sky
2776,visual_transformer_resblocks_6,472,Black and white colored objects
2777,visual_transformer_resblocks_6,473,Words
2778,visual_transformer_resblocks_6,474,Water
2779,visual_transformer_resblocks_6,475,Circular objects
2780,visual_transformer_resblocks_6,476,Dog heads
2781,visual_transformer_resblocks_6,477,Dog heads
2782,visual_transformer_resblocks_6,478,The left side of people
2783,visual_transformer_resblocks_6,479,Sign boards with text in it
2784,visual_transformer_resblocks_6,480,Faces of human beings
2785,visual_transformer_resblocks_6,481,The sky
2786,visual_transformer_resblocks_6,482,The tops of buildings
2787,visual_transformer_resblocks_6,483,Blue sky
2788,visual_transformer_resblocks_6,484,The ground
2789,visual_transformer_resblocks_6,485,Red objects
2790,visual_transformer_resblocks_6,486,Faces
2791,visual_transformer_resblocks_6,487,Red and white colored objects
2792,visual_transformer_resblocks_6,488,Grass
2793,visual_transformer_resblocks_6,489,Faces of things
2794,visual_transformer_resblocks_6,490,Edges of objects
2795,visual_transformer_resblocks_6,491,Circular objects
2796,visual_transformer_resblocks_6,492,Edges of objects
2797,visual_transformer_resblocks_6,493,Black and white colored objects
2798,visual_transformer_resblocks_6,494,People
2799,visual_transformer_resblocks_6,495,Red and white colored objects
2800,visual_transformer_resblocks_6,496,Pink colored objects
2801,visual_transformer_resblocks_6,497,Black and white objects
2802,visual_transformer_resblocks_6,498,Circular objects
2803,visual_transformer_resblocks_6,499,Red and white colored objects
2804,visual_transformer_resblocks_6,500,Arches
2805,visual_transformer_resblocks_6,501,Sign boards with text in it
2806,visual_transformer_resblocks_6,502,Faces of people
2807,visual_transformer_resblocks_6,503,Circular objects
2808,visual_transformer_resblocks_6,504,Red and white colored objects
2809,visual_transformer_resblocks_6,505,Trees and buildings
2810,visual_transformer_resblocks_6,506,Faces of human beings
2811,visual_transformer_resblocks_6,507,Dog faces
2812,visual_transformer_resblocks_6,508,People and vehicles
2813,visual_transformer_resblocks_6,509,Circular objects
2814,visual_transformer_resblocks_6,510,The tops of buildings
2815,visual_transformer_resblocks_6,511,The sky
2816,visual_transformer_resblocks_6,512,"People, structure, grass"
2817,visual_transformer_resblocks_6,513,Green colored objects
2818,visual_transformer_resblocks_6,514,Green grass
2819,visual_transformer_resblocks_6,515,Blue and red objects
2820,visual_transformer_resblocks_6,516,Green colored objects
2821,visual_transformer_resblocks_6,517,Circular objects
2822,visual_transformer_resblocks_6,518,The sky
2823,visual_transformer_resblocks_6,519,"Water, people, sky"
2824,visual_transformer_resblocks_6,520,Airplanes
2825,visual_transformer_resblocks_6,521,Faces
2826,visual_transformer_resblocks_6,522,The ground
2827,visual_transformer_resblocks_6,523,Pink colored objects
2828,visual_transformer_resblocks_6,524,People
2829,visual_transformer_resblocks_6,525,The tops of buildings
2830,visual_transformer_resblocks_6,526,Green grass
2831,visual_transformer_resblocks_6,527,Black and white colored objects
2832,visual_transformer_resblocks_6,528,Faces of human beings
2833,visual_transformer_resblocks_6,529,Black and white colored objects
2834,visual_transformer_resblocks_6,530,Red and white colored objects
2835,visual_transformer_resblocks_6,531,Buildings
2836,visual_transformer_resblocks_6,532,Circular objects
2837,visual_transformer_resblocks_6,533,Faces of human beings
2838,visual_transformer_resblocks_6,534,Arches
2839,visual_transformer_resblocks_6,535,The ground
2840,visual_transformer_resblocks_6,536,Circular objects
2841,visual_transformer_resblocks_6,537,Green colored objects
2842,visual_transformer_resblocks_6,538,Rounded edges in pictures
2843,visual_transformer_resblocks_6,539,Faces of people
2844,visual_transformer_resblocks_6,540,Faces of people and animals
2845,visual_transformer_resblocks_6,541,Faces of human beings
2846,visual_transformer_resblocks_6,542,The top of a building
2847,visual_transformer_resblocks_6,543,Red and white objects
2848,visual_transformer_resblocks_6,544,Grass
2849,visual_transformer_resblocks_6,545,Round objects
2850,visual_transformer_resblocks_6,546,The ground
2851,visual_transformer_resblocks_6,547,Animals and people
2852,visual_transformer_resblocks_6,548,The ground
2853,visual_transformer_resblocks_6,549,Dog heads
2854,visual_transformer_resblocks_6,550,Dogs and vehicles
2855,visual_transformer_resblocks_6,551,Dog heads
2856,visual_transformer_resblocks_6,552,Blue colored objects
2857,visual_transformer_resblocks_6,553,Black and white colored objects
2858,visual_transformer_resblocks_6,554,Arches
2859,visual_transformer_resblocks_6,555,Nature
2860,visual_transformer_resblocks_6,556,Regions with straight features
2861,visual_transformer_resblocks_6,557,Red and white objects
2862,visual_transformer_resblocks_6,558,Black and white colored objects
2863,visual_transformer_resblocks_6,559,Faces
2864,visual_transformer_resblocks_6,560,The ground
2865,visual_transformer_resblocks_6,561,People and the sky
2866,visual_transformer_resblocks_6,562,Grass
2867,visual_transformer_resblocks_6,563,Circular objects
2868,visual_transformer_resblocks_6,564,Circular objects
2869,visual_transformer_resblocks_6,565,Faces of people
2870,visual_transformer_resblocks_6,566,Round objects
2871,visual_transformer_resblocks_6,567,Black and white colored objects
2872,visual_transformer_resblocks_6,568,The top of a object
2873,visual_transformer_resblocks_6,569,Red and white objects
2874,visual_transformer_resblocks_6,570,Black and white objects
2875,visual_transformer_resblocks_6,571,Faces
2876,visual_transformer_resblocks_6,572,The corners of objects
2877,visual_transformer_resblocks_6,573,Faces of human beings
2878,visual_transformer_resblocks_6,574,The tops of buildings
2879,visual_transformer_resblocks_6,575,The sky
2880,visual_transformer_resblocks_6,576,Vehicles
2881,visual_transformer_resblocks_6,577,Red colored object with text
2882,visual_transformer_resblocks_6,578,Faces
2883,visual_transformer_resblocks_6,579,People and vehicles
2884,visual_transformer_resblocks_6,580,Faces of human beings
2885,visual_transformer_resblocks_6,581,Tops of cathedrals
2886,visual_transformer_resblocks_6,582,The ground
2887,visual_transformer_resblocks_6,583,Green colored objects
2888,visual_transformer_resblocks_6,584,White colored objects
2889,visual_transformer_resblocks_6,585,The sky
2890,visual_transformer_resblocks_6,586,Faces of human beings
2891,visual_transformer_resblocks_6,587,The background
2892,visual_transformer_resblocks_6,588,Circles
2893,visual_transformer_resblocks_6,589,Water
2894,visual_transformer_resblocks_6,590,Green colored objects
2895,visual_transformer_resblocks_6,591,The bottom of a object
2896,visual_transformer_resblocks_6,592,People and dogs
2897,visual_transformer_resblocks_6,593,People
2898,visual_transformer_resblocks_6,594,Red and white objects
2899,visual_transformer_resblocks_6,595,Spots of the color white
2900,visual_transformer_resblocks_6,596,Faces of human beings
2901,visual_transformer_resblocks_6,597,Dog faces
2902,visual_transformer_resblocks_6,598,The ground
2903,visual_transformer_resblocks_6,599,Orange colored objects
2904,visual_transformer_resblocks_6,600,The sky
2905,visual_transformer_resblocks_6,601,Tree branches without leaves
2906,visual_transformer_resblocks_6,602,The sky and roofs
2907,visual_transformer_resblocks_6,603,The tops of objects
2908,visual_transformer_resblocks_6,604,Rounded edges in pictures
2909,visual_transformer_resblocks_6,605,Dog heads
2910,visual_transformer_resblocks_6,606,Green colored objects
2911,visual_transformer_resblocks_6,607,Black and white color combination
2912,visual_transformer_resblocks_6,608,Red and white colored objects
2913,visual_transformer_resblocks_6,609,The left side of the object
2914,visual_transformer_resblocks_6,610,Faces of human beings
2915,visual_transformer_resblocks_6,611,Faces of human beings
2916,visual_transformer_resblocks_6,612,Dog ears
2917,visual_transformer_resblocks_6,613,The tops of buildings
2918,visual_transformer_resblocks_6,614,The ground
2919,visual_transformer_resblocks_6,615,Green colored objects
2920,visual_transformer_resblocks_6,616,The ground
2921,visual_transformer_resblocks_6,617,The sky
2922,visual_transformer_resblocks_6,618,Rounded edges in pictures
2923,visual_transformer_resblocks_6,619,Trees
2924,visual_transformer_resblocks_6,620,The ground
2925,visual_transformer_resblocks_6,621,The tops of buildings
2926,visual_transformer_resblocks_6,622,Red and white colored objects
2927,visual_transformer_resblocks_6,623,Blue objects
2928,visual_transformer_resblocks_6,624,Nature
2929,visual_transformer_resblocks_6,625,Trees
2930,visual_transformer_resblocks_6,626,Black and white colored objects
2931,visual_transformer_resblocks_6,627,Brown colored objects
2932,visual_transformer_resblocks_6,628,The ground
2933,visual_transformer_resblocks_6,629,Diagonal lines
2934,visual_transformer_resblocks_6,630,Faces of human beings
2935,visual_transformer_resblocks_6,631,Faces of things
2936,visual_transformer_resblocks_6,632,Dog heads
2937,visual_transformer_resblocks_6,633,Pointy objects
2938,visual_transformer_resblocks_6,634,The ground
2939,visual_transformer_resblocks_6,635,Green colored objects
2940,visual_transformer_resblocks_6,636,Red and white colored objects
2941,visual_transformer_resblocks_6,637,Black and white colored objects
2942,visual_transformer_resblocks_6,638,Faces of human beings
2943,visual_transformer_resblocks_6,639,Edges of objects
2944,visual_transformer_resblocks_6,640,Vertical lines
2945,visual_transformer_resblocks_6,641,The sky
2946,visual_transformer_resblocks_6,642,The top of towers
2947,visual_transformer_resblocks_6,643,Faces of human beings
2948,visual_transformer_resblocks_6,644,The ground
2949,visual_transformer_resblocks_6,645,Round objects
2950,visual_transformer_resblocks_6,646,The background
2951,visual_transformer_resblocks_6,647,Red and white colored objects
2952,visual_transformer_resblocks_6,648,The sky
2953,visual_transformer_resblocks_6,649,The top of towers
2954,visual_transformer_resblocks_6,650,White colored objects
2955,visual_transformer_resblocks_6,651,Grass
2956,visual_transformer_resblocks_6,652,Brown colored objects
2957,visual_transformer_resblocks_6,653,People
2958,visual_transformer_resblocks_6,654,Dog faces
2959,visual_transformer_resblocks_6,655,The ground
2960,visual_transformer_resblocks_6,656,The tops of buildings
2961,visual_transformer_resblocks_6,657,The sky or ground
2962,visual_transformer_resblocks_6,658,Rounded edges in pictures
2963,visual_transformer_resblocks_6,659,Circular objects
2964,visual_transformer_resblocks_6,660,Arches
2965,visual_transformer_resblocks_6,661,Wheels
2966,visual_transformer_resblocks_6,662,Dogs and vehicles
2967,visual_transformer_resblocks_6,663,Trees
2968,visual_transformer_resblocks_6,664,Green colored objects
2969,visual_transformer_resblocks_6,665,Black and white colored objects
2970,visual_transformer_resblocks_6,666,The sky
2971,visual_transformer_resblocks_6,667,The sky
2972,visual_transformer_resblocks_6,668,Red and white objects
2973,visual_transformer_resblocks_6,669,The sky
2974,visual_transformer_resblocks_6,670,Faces
2975,visual_transformer_resblocks_6,671,Tree branches without leaves
2976,visual_transformer_resblocks_6,672,The ground
2977,visual_transformer_resblocks_6,673,People 's heads
2978,visual_transformer_resblocks_6,674,Grass
2979,visual_transformer_resblocks_6,675,Dog heads
2980,visual_transformer_resblocks_6,676,Green colored objects
2981,visual_transformer_resblocks_6,677,The sky
2982,visual_transformer_resblocks_6,678,Circular objects
2983,visual_transformer_resblocks_6,679,Vehicles
2984,visual_transformer_resblocks_6,680,Circular shaped objects
2985,visual_transformer_resblocks_6,681,The ground
2986,visual_transformer_resblocks_6,682,Airplanes in the sky
2987,visual_transformer_resblocks_6,683,Dogs and the sky
2988,visual_transformer_resblocks_6,684,Faces of human beings
2989,visual_transformer_resblocks_6,685,Diagonal lines
2990,visual_transformer_resblocks_6,686,Circular objects
2991,visual_transformer_resblocks_6,687,Faces of animals
2992,visual_transformer_resblocks_6,688,Rounded objects
2993,visual_transformer_resblocks_6,689,Red and white colored objects
2994,visual_transformer_resblocks_6,690,Top of a building
2995,visual_transformer_resblocks_6,691,Arches
2996,visual_transformer_resblocks_6,692,Dog faces
2997,visual_transformer_resblocks_6,693,Buildings and vehicles
2998,visual_transformer_resblocks_6,694,The sky
2999,visual_transformer_resblocks_6,695,Red and white colored objects
3000,visual_transformer_resblocks_6,696,Circular objects
3001,visual_transformer_resblocks_6,697,The limbs of people
3002,visual_transformer_resblocks_6,698,Green colored objects
3003,visual_transformer_resblocks_6,699,Faces of human beings
3004,visual_transformer_resblocks_6,700,The tops of objects
3005,visual_transformer_resblocks_6,701,Faces of human beings
3006,visual_transformer_resblocks_6,702,Black and white colored objects
3007,visual_transformer_resblocks_6,703,Vehicles
3008,visual_transformer_resblocks_6,704,The tops of buildings
3009,visual_transformer_resblocks_6,705,Dog noses
3010,visual_transformer_resblocks_6,706,Black and white colored objects
3011,visual_transformer_resblocks_6,707,The sky
3012,visual_transformer_resblocks_6,708,Dogs and vehicles
3013,visual_transformer_resblocks_6,709,Circular objects
3014,visual_transformer_resblocks_6,710,Black and white colored objects
3015,visual_transformer_resblocks_6,711,Trees
3016,visual_transformer_resblocks_6,712,Faces of human beings
3017,visual_transformer_resblocks_6,713,The ground
3018,visual_transformer_resblocks_6,714,The ground
3019,visual_transformer_resblocks_6,715,The ground
3020,visual_transformer_resblocks_6,716,White colored objects
3021,visual_transformer_resblocks_6,717,"Person, animal"
3022,visual_transformer_resblocks_6,718,Faces
3023,visual_transformer_resblocks_6,719,The ground
3024,visual_transformer_resblocks_6,720,Blue skies and dogs
3025,visual_transformer_resblocks_6,721,Black and white colored objects
3026,visual_transformer_resblocks_6,722,Red and white colored objects
3027,visual_transformer_resblocks_6,723,Cylindrical objects
3028,visual_transformer_resblocks_6,724,Faces of human beings
3029,visual_transformer_resblocks_6,725,Faces of human beings
3030,visual_transformer_resblocks_6,726,The tops of objects
3031,visual_transformer_resblocks_6,727,Trees
3032,visual_transformer_resblocks_6,728,Green colored objects
3033,visual_transformer_resblocks_6,729,Dog heads
3034,visual_transformer_resblocks_6,730,Grass
3035,visual_transformer_resblocks_6,731,Black and white colored objects
3036,visual_transformer_resblocks_6,732,Blue colored objects
3037,visual_transformer_resblocks_6,733,Faces of human beings
3038,visual_transformer_resblocks_6,734,The left side of the object
3039,visual_transformer_resblocks_6,735,Faces of human beings
3040,visual_transformer_resblocks_6,736,Black and white colored objects
3041,visual_transformer_resblocks_6,737,"Person, animal"
3042,visual_transformer_resblocks_6,738,People
3043,visual_transformer_resblocks_6,739,The ground
3044,visual_transformer_resblocks_6,740,Trees
3045,visual_transformer_resblocks_6,741,Red and white colored objects
3046,visual_transformer_resblocks_6,742,Faces
3047,visual_transformer_resblocks_6,743,White objects
3048,visual_transformer_resblocks_6,744,Red and white colored objects
3049,visual_transformer_resblocks_6,745,Green colored objects
3050,visual_transformer_resblocks_6,746,Green colored objects
3051,visual_transformer_resblocks_6,747,The sky
3052,visual_transformer_resblocks_6,748,Tree branches without leaves
3053,visual_transformer_resblocks_6,749,The ground
3054,visual_transformer_resblocks_6,750,Black and white colored objects
3055,visual_transformer_resblocks_6,751,Circular objects
3056,visual_transformer_resblocks_6,752,The ground
3057,visual_transformer_resblocks_6,753,Dogs and people
3058,visual_transformer_resblocks_6,754,The ground
3059,visual_transformer_resblocks_6,755,Nature
3060,visual_transformer_resblocks_6,756,Green colored objects
3061,visual_transformer_resblocks_6,757,The ground
3062,visual_transformer_resblocks_6,758,Horizontal lines on objects
3063,visual_transformer_resblocks_6,759,Water
3064,visual_transformer_resblocks_6,760,Legs
3065,visual_transformer_resblocks_6,761,Red and white colored objects
3066,visual_transformer_resblocks_6,762,Dog heads
3067,visual_transformer_resblocks_6,763,Wheels of vehicles
3068,visual_transformer_resblocks_6,764,"Person, animal"
3069,visual_transformer_resblocks_6,765,Circular objects
3070,visual_transformer_resblocks_6,766,"Person, animal"
3071,visual_transformer_resblocks_6,767,Circular objects
3072,visual_transformer_resblocks_9,0,The ground
3073,visual_transformer_resblocks_9,1,The ground
3074,visual_transformer_resblocks_9,2,Circular objects
3075,visual_transformer_resblocks_9,3,Animals
3076,visual_transformer_resblocks_9,4,Vehicles
3077,visual_transformer_resblocks_9,5,Rounded edges in pictures
3078,visual_transformer_resblocks_9,6,Top of a building
3079,visual_transformer_resblocks_9,7,Blue and green objects
3080,visual_transformer_resblocks_9,8,Vehicles
3081,visual_transformer_resblocks_9,9,Circular objects
3082,visual_transformer_resblocks_9,10,Black and white colored objects
3083,visual_transformer_resblocks_9,11,The ground
3084,visual_transformer_resblocks_9,12,Edges of objects
3085,visual_transformer_resblocks_9,13,Faces of human beings
3086,visual_transformer_resblocks_9,14,Dogs
3087,visual_transformer_resblocks_9,15,People
3088,visual_transformer_resblocks_9,16,Edges of objects
3089,visual_transformer_resblocks_9,17,Bodies of water
3090,visual_transformer_resblocks_9,18,"Animals, instruments and instruments"
3091,visual_transformer_resblocks_9,19,The tops of objects
3092,visual_transformer_resblocks_9,20,"The sky, water, smoke"
3093,visual_transformer_resblocks_9,21,Round objects
3094,visual_transformer_resblocks_9,22,Red and white objects
3095,visual_transformer_resblocks_9,23,The ground
3096,visual_transformer_resblocks_9,24,Rounded edges in pictures
3097,visual_transformer_resblocks_9,25,Animals and vehicles
3098,visual_transformer_resblocks_9,26,Rounded edges in pictures
3099,visual_transformer_resblocks_9,27,Dogs and vehicles
3100,visual_transformer_resblocks_9,28,Red and white objects
3101,visual_transformer_resblocks_9,29,Faces of people
3102,visual_transformer_resblocks_9,30,Chairs
3103,visual_transformer_resblocks_9,31,Musical instruments and leashes
3104,visual_transformer_resblocks_9,32,Circular objects
3105,visual_transformer_resblocks_9,33,The left side of people
3106,visual_transformer_resblocks_9,34,Trees
3107,visual_transformer_resblocks_9,35,Rounded edges in pictures
3108,visual_transformer_resblocks_9,36,Brown colored objects
3109,visual_transformer_resblocks_9,37,The ground
3110,visual_transformer_resblocks_9,38,Black and white colored objects
3111,visual_transformer_resblocks_9,39,Rounded edges in pictures
3112,visual_transformer_resblocks_9,40,The ground
3113,visual_transformer_resblocks_9,41,The sky
3114,visual_transformer_resblocks_9,42,The ground
3115,visual_transformer_resblocks_9,43,Brown colored objects
3116,visual_transformer_resblocks_9,44,Green objects
3117,visual_transformer_resblocks_9,45,Trees
3118,visual_transformer_resblocks_9,46,Faces of human beings
3119,visual_transformer_resblocks_9,47,Similar patterns that are similar
3120,visual_transformer_resblocks_9,48,Circular objects
3121,visual_transformer_resblocks_9,49,Musical instruments and leashes
3122,visual_transformer_resblocks_9,50,Vertical lines
3123,visual_transformer_resblocks_9,51,Circular objects and animals
3124,visual_transformer_resblocks_9,52,Red and white objects
3125,visual_transformer_resblocks_9,53,The ground
3126,visual_transformer_resblocks_9,54,Green objects
3127,visual_transformer_resblocks_9,55,The ground
3128,visual_transformer_resblocks_9,56,The ground
3129,visual_transformer_resblocks_9,57,Red and white objects
3130,visual_transformer_resblocks_9,58,Brown colored objects
3131,visual_transformer_resblocks_9,59,Water
3132,visual_transformer_resblocks_9,60,Blue colored objects
3133,visual_transformer_resblocks_9,61,Round objects
3134,visual_transformer_resblocks_9,62,Dogs
3135,visual_transformer_resblocks_9,63,Green colored objects
3136,visual_transformer_resblocks_9,64,The top of a building
3137,visual_transformer_resblocks_9,65,"Animals, instruments and instruments"
3138,visual_transformer_resblocks_9,66,Legs and airplanes
3139,visual_transformer_resblocks_9,67,Rounded edges in pictures
3140,visual_transformer_resblocks_9,68,Vehicles
3141,visual_transformer_resblocks_9,69,Buildings and vehicles
3142,visual_transformer_resblocks_9,70,Rounded objects
3143,visual_transformer_resblocks_9,71,The ground
3144,visual_transformer_resblocks_9,72,Black and white objects
3145,visual_transformer_resblocks_9,73,Blue colored objects
3146,visual_transformer_resblocks_9,74,Green grass
3147,visual_transformer_resblocks_9,75,White colored objects
3148,visual_transformer_resblocks_9,76,Circular objects
3149,visual_transformer_resblocks_9,77,Dogs and other animals
3150,visual_transformer_resblocks_9,78,Black and white colored objects
3151,visual_transformer_resblocks_9,79,Water in the sky
3152,visual_transformer_resblocks_9,80,Black and white colored objects
3153,visual_transformer_resblocks_9,81,The ground
3154,visual_transformer_resblocks_9,82,Blue objects
3155,visual_transformer_resblocks_9,83,Tall buildings
3156,visual_transformer_resblocks_9,84,Red and white objects
3157,visual_transformer_resblocks_9,85,Black and white objects
3158,visual_transformer_resblocks_9,86,Dog faces
3159,visual_transformer_resblocks_9,87,Red and white objects
3160,visual_transformer_resblocks_9,88,Green colored objects
3161,visual_transformer_resblocks_9,89,Dogs
3162,visual_transformer_resblocks_9,90,Brown colored objects
3163,visual_transformer_resblocks_9,91,Red objects
3164,visual_transformer_resblocks_9,92,Vertical lines
3165,visual_transformer_resblocks_9,93,Diagonal lines
3166,visual_transformer_resblocks_9,94,Towers and spires
3167,visual_transformer_resblocks_9,95,Dog heads
3168,visual_transformer_resblocks_9,96,Water in the sky
3169,visual_transformer_resblocks_9,97,Blue objects
3170,visual_transformer_resblocks_9,98,Blue colored objects
3171,visual_transformer_resblocks_9,99,Brown colored objects
3172,visual_transformer_resblocks_9,100,Vertical lines
3173,visual_transformer_resblocks_9,101,Green colored objects
3174,visual_transformer_resblocks_9,102,Dog heads
3175,visual_transformer_resblocks_9,103,People
3176,visual_transformer_resblocks_9,104,Red and white colored objects
3177,visual_transformer_resblocks_9,105,The tops of buildings
3178,visual_transformer_resblocks_9,106,Towers and spires reach
3179,visual_transformer_resblocks_9,107,Black and white colored objects
3180,visual_transformer_resblocks_9,108,Circular objects
3181,visual_transformer_resblocks_9,109,"Person, animal"
3182,visual_transformer_resblocks_9,110,Rounded edges in pictures
3183,visual_transformer_resblocks_9,111,Circular objects
3184,visual_transformer_resblocks_9,112,Electronics
3185,visual_transformer_resblocks_9,113,Bodies of water
3186,visual_transformer_resblocks_9,114,Green grass
3187,visual_transformer_resblocks_9,115,Rounded edges in pictures
3188,visual_transformer_resblocks_9,116,Circular objects
3189,visual_transformer_resblocks_9,117,The sky
3190,visual_transformer_resblocks_9,118,Vehicles
3191,visual_transformer_resblocks_9,119,The top of a building
3192,visual_transformer_resblocks_9,120,"Animals, instruments and instruments"
3193,visual_transformer_resblocks_9,121,The color green
3194,visual_transformer_resblocks_9,122,Green grass
3195,visual_transformer_resblocks_9,123,Electronics
3196,visual_transformer_resblocks_9,124,Buildings
3197,visual_transformer_resblocks_9,125,Yellow and red objects
3198,visual_transformer_resblocks_9,126,Animals and vehicles
3199,visual_transformer_resblocks_9,127,Arches
3200,visual_transformer_resblocks_9,128,Rounded edges in pictures
3201,visual_transformer_resblocks_9,129,Brown colored objects
3202,visual_transformer_resblocks_9,130,Rounded edges in pictures
3203,visual_transformer_resblocks_9,131,Metal objects
3204,visual_transformer_resblocks_9,132,Rounded edges in pictures
3205,visual_transformer_resblocks_9,133,Brown colored objects
3206,visual_transformer_resblocks_9,134,The tops of buildings
3207,visual_transformer_resblocks_9,135,Red and white colored objects
3208,visual_transformer_resblocks_9,136,Green colored objects
3209,visual_transformer_resblocks_9,137,The ground
3210,visual_transformer_resblocks_9,138,The ground
3211,visual_transformer_resblocks_9,139,Dogs and people
3212,visual_transformer_resblocks_9,140,The ground
3213,visual_transformer_resblocks_9,141,Diagonal lines
3214,visual_transformer_resblocks_9,142,Nature
3215,visual_transformer_resblocks_9,143,Red and white colored objects
3216,visual_transformer_resblocks_9,144,The ground
3217,visual_transformer_resblocks_9,145,The left side of the object
3218,visual_transformer_resblocks_9,146,Similar color patterns
3219,visual_transformer_resblocks_9,147,Green colored objects
3220,visual_transformer_resblocks_9,148,Rounded edges in pictures
3221,visual_transformer_resblocks_9,149,Water in the sky
3222,visual_transformer_resblocks_9,150,Flags
3223,visual_transformer_resblocks_9,151,Arches
3224,visual_transformer_resblocks_9,152,Airplanes in the sky
3225,visual_transformer_resblocks_9,153,Red and white objects
3226,visual_transformer_resblocks_9,154,The ground
3227,visual_transformer_resblocks_9,155,Pink colored objects
3228,visual_transformer_resblocks_9,156,Circular objects
3229,visual_transformer_resblocks_9,157,Diagonal lines
3230,visual_transformer_resblocks_9,158,Vehicles
3231,visual_transformer_resblocks_9,159,The sky
3232,visual_transformer_resblocks_9,160,Diagonal lines
3233,visual_transformer_resblocks_9,161,Faces of animals
3234,visual_transformer_resblocks_9,162,Red and white objects
3235,visual_transformer_resblocks_9,163,The ground
3236,visual_transformer_resblocks_9,164,The ground
3237,visual_transformer_resblocks_9,165,The ground
3238,visual_transformer_resblocks_9,166,Arches
3239,visual_transformer_resblocks_9,167,Arches
3240,visual_transformer_resblocks_9,168,Horizontal lines
3241,visual_transformer_resblocks_9,169,The bottoms of vehicles
3242,visual_transformer_resblocks_9,170,The ground
3243,visual_transformer_resblocks_9,171,Arches
3244,visual_transformer_resblocks_9,172,Circular objects
3245,visual_transformer_resblocks_9,173,Circular objects
3246,visual_transformer_resblocks_9,174,Red objects
3247,visual_transformer_resblocks_9,175,Black and white colored objects
3248,visual_transformer_resblocks_9,176,Vehicles
3249,visual_transformer_resblocks_9,177,Water in the sky
3250,visual_transformer_resblocks_9,178,Circular objects
3251,visual_transformer_resblocks_9,179,Water and people
3252,visual_transformer_resblocks_9,180,The ground
3253,visual_transformer_resblocks_9,181,Red colored object with text
3254,visual_transformer_resblocks_9,182,Words
3255,visual_transformer_resblocks_9,183,Diagonal lines
3256,visual_transformer_resblocks_9,184,Words and signs
3257,visual_transformer_resblocks_9,185,Cylindrical objects
3258,visual_transformer_resblocks_9,186,Red and white colored objects
3259,visual_transformer_resblocks_9,187,Round objects
3260,visual_transformer_resblocks_9,188,Circular objects
3261,visual_transformer_resblocks_9,189,The top of towers
3262,visual_transformer_resblocks_9,190,Red and white objects
3263,visual_transformer_resblocks_9,191,Green colored objects
3264,visual_transformer_resblocks_9,192,Green grass
3265,visual_transformer_resblocks_9,193,People in the sky
3266,visual_transformer_resblocks_9,194,The ground
3267,visual_transformer_resblocks_9,195,Faces of people
3268,visual_transformer_resblocks_9,196,Diagonal lines
3269,visual_transformer_resblocks_9,197,White objects
3270,visual_transformer_resblocks_9,198,Circular objects
3271,visual_transformer_resblocks_9,199,Red and white colored objects
3272,visual_transformer_resblocks_9,200,Arches
3273,visual_transformer_resblocks_9,201,The ground
3274,visual_transformer_resblocks_9,202,Airplanes in the sky
3275,visual_transformer_resblocks_9,203,Cars and buildings
3276,visual_transformer_resblocks_9,204,Items with straight features
3277,visual_transformer_resblocks_9,205,Words
3278,visual_transformer_resblocks_9,206,Green colored objects
3279,visual_transformer_resblocks_9,207,Black and white colored objects
3280,visual_transformer_resblocks_9,208,The front of vehicles
3281,visual_transformer_resblocks_9,209,Trees
3282,visual_transformer_resblocks_9,210,The ground
3283,visual_transformer_resblocks_9,211,Animals and circular objects
3284,visual_transformer_resblocks_9,212,Faces of human beings
3285,visual_transformer_resblocks_9,213,Water in the sky
3286,visual_transformer_resblocks_9,214,Dogs and vehicles
3287,visual_transformer_resblocks_9,215,The sky
3288,visual_transformer_resblocks_9,216,The ground
3289,visual_transformer_resblocks_9,217,White colored objects
3290,visual_transformer_resblocks_9,218,The left side of objects
3291,visual_transformer_resblocks_9,219,Dogs and people
3292,visual_transformer_resblocks_9,220,Circular objects
3293,visual_transformer_resblocks_9,221,Vehicles
3294,visual_transformer_resblocks_9,222,The sky
3295,visual_transformer_resblocks_9,223,Four corners of a pizza
3296,visual_transformer_resblocks_9,224,Faces of human beings
3297,visual_transformer_resblocks_9,225,Blue and red objects
3298,visual_transformer_resblocks_9,226,Red and white colored objects
3299,visual_transformer_resblocks_9,227,Red and white colored objects
3300,visual_transformer_resblocks_9,228,The ground
3301,visual_transformer_resblocks_9,229,Similar color patterns
3302,visual_transformer_resblocks_9,230,The sky
3303,visual_transformer_resblocks_9,231,Brown colored objects
3304,visual_transformer_resblocks_9,232,Diagonal lines
3305,visual_transformer_resblocks_9,233,People
3306,visual_transformer_resblocks_9,234,Red and white colored objects
3307,visual_transformer_resblocks_9,235,Rounded objects
3308,visual_transformer_resblocks_9,236,Numbers and letters
3309,visual_transformer_resblocks_9,237,Sharks
3310,visual_transformer_resblocks_9,238,Horizontal lines
3311,visual_transformer_resblocks_9,239,Edges of objects
3312,visual_transformer_resblocks_9,240,Diagonal lines
3313,visual_transformer_resblocks_9,241,Animals
3314,visual_transformer_resblocks_9,242,White objects
3315,visual_transformer_resblocks_9,243,Faces of human beings
3316,visual_transformer_resblocks_9,244,Black and white colored objects
3317,visual_transformer_resblocks_9,245,Round objects
3318,visual_transformer_resblocks_9,246,Red objects
3319,visual_transformer_resblocks_9,247,Flags
3320,visual_transformer_resblocks_9,248,Words and signs
3321,visual_transformer_resblocks_9,249,Red and white objects
3322,visual_transformer_resblocks_9,250,Diagonal lines
3323,visual_transformer_resblocks_9,251,Cars and planes
3324,visual_transformer_resblocks_9,252,Red and green objects
3325,visual_transformer_resblocks_9,253,The ground
3326,visual_transformer_resblocks_9,254,Grass
3327,visual_transformer_resblocks_9,255,Green colored objects
3328,visual_transformer_resblocks_9,256,Water
3329,visual_transformer_resblocks_9,257,Rectangular objects
3330,visual_transformer_resblocks_9,258,The ground
3331,visual_transformer_resblocks_9,259,The sky
3332,visual_transformer_resblocks_9,260,Organ
3333,visual_transformer_resblocks_9,261,Blue and red objects
3334,visual_transformer_resblocks_9,262,Nature
3335,visual_transformer_resblocks_9,263,Buildings
3336,visual_transformer_resblocks_9,264,Electronics
3337,visual_transformer_resblocks_9,265,Water and grass
3338,visual_transformer_resblocks_9,266,Diagonal lines
3339,visual_transformer_resblocks_9,267,Pink colored objects
3340,visual_transformer_resblocks_9,268,Living things
3341,visual_transformer_resblocks_9,269,Red and white colored objects
3342,visual_transformer_resblocks_9,270,The ground
3343,visual_transformer_resblocks_9,271,Circular objects
3344,visual_transformer_resblocks_9,272,Animals and instruments
3345,visual_transformer_resblocks_9,273,Circular objects
3346,visual_transformer_resblocks_9,274,Red and white colored objects
3347,visual_transformer_resblocks_9,275,Rounded edges in pictures
3348,visual_transformer_resblocks_9,276,Ships in the sky
3349,visual_transformer_resblocks_9,277,Red and white objects
3350,visual_transformer_resblocks_9,278,White colored objects
3351,visual_transformer_resblocks_9,279,Rounded edges in pictures
3352,visual_transformer_resblocks_9,280,Rounded edges in pictures
3353,visual_transformer_resblocks_9,281,Vehicles
3354,visual_transformer_resblocks_9,282,Rounded edges in pictures
3355,visual_transformer_resblocks_9,283,Flags
3356,visual_transformer_resblocks_9,284,Red and white objects
3357,visual_transformer_resblocks_9,285,Diagonal lines
3358,visual_transformer_resblocks_9,286,Dogs
3359,visual_transformer_resblocks_9,287,Tree branches without leaves
3360,visual_transformer_resblocks_9,288,Black and white colored objects
3361,visual_transformer_resblocks_9,289,Dogs
3362,visual_transformer_resblocks_9,290,People in the sky
3363,visual_transformer_resblocks_9,291,The sky
3364,visual_transformer_resblocks_9,292,Green colored objects
3365,visual_transformer_resblocks_9,293,Rounded edges in pictures
3366,visual_transformer_resblocks_9,294,Bodies of water
3367,visual_transformer_resblocks_9,295,The sky and water
3368,visual_transformer_resblocks_9,296,The ground
3369,visual_transformer_resblocks_9,297,Diagonal lines
3370,visual_transformer_resblocks_9,298,Rounded edges in pictures
3371,visual_transformer_resblocks_9,299,Cars and planes
3372,visual_transformer_resblocks_9,300,Edges of objects
3373,visual_transformer_resblocks_9,301,Nature
3374,visual_transformer_resblocks_9,302,Green colored objects
3375,visual_transformer_resblocks_9,303,Windmill in the sky
3376,visual_transformer_resblocks_9,304,The ground
3377,visual_transformer_resblocks_9,305,Red and white colored objects
3378,visual_transformer_resblocks_9,306,Round objects
3379,visual_transformer_resblocks_9,307,Electronics
3380,visual_transformer_resblocks_9,308,Rounded edges in pictures
3381,visual_transformer_resblocks_9,309,The sky
3382,visual_transformer_resblocks_9,310,Brown dogs
3383,visual_transformer_resblocks_9,311,Red and white objects
3384,visual_transformer_resblocks_9,312,Diagonal lines
3385,visual_transformer_resblocks_9,313,Circular objects
3386,visual_transformer_resblocks_9,314,Diagonal lines
3387,visual_transformer_resblocks_9,315,Black and white colored objects
3388,visual_transformer_resblocks_9,316,Red and white colored objects
3389,visual_transformer_resblocks_9,317,Round objects
3390,visual_transformer_resblocks_9,318,The left side of the object
3391,visual_transformer_resblocks_9,319,Green colored objects
3392,visual_transformer_resblocks_9,320,Vehicles
3393,visual_transformer_resblocks_9,321,Black and white colored objects
3394,visual_transformer_resblocks_9,322,Vehicles
3395,visual_transformer_resblocks_9,323,Black and white objects
3396,visual_transformer_resblocks_9,324,Green colored objects
3397,visual_transformer_resblocks_9,325,Dogs
3398,visual_transformer_resblocks_9,326,Electronics
3399,visual_transformer_resblocks_9,327,Green and brown colored objects
3400,visual_transformer_resblocks_9,328,Rock formations
3401,visual_transformer_resblocks_9,329,Similar color patterns
3402,visual_transformer_resblocks_9,330,Dog legs
3403,visual_transformer_resblocks_9,331,White colored objects
3404,visual_transformer_resblocks_9,332,Green colored objects
3405,visual_transformer_resblocks_9,333,The ground
3406,visual_transformer_resblocks_9,334,The ground
3407,visual_transformer_resblocks_9,335,Faces
3408,visual_transformer_resblocks_9,336,Trees
3409,visual_transformer_resblocks_9,337,The ground
3410,visual_transformer_resblocks_9,338,Flags
3411,visual_transformer_resblocks_9,339,Water
3412,visual_transformer_resblocks_9,340,Water in the sky
3413,visual_transformer_resblocks_9,341,Green grass
3414,visual_transformer_resblocks_9,342,Water reflections
3415,visual_transformer_resblocks_9,343,The ground
3416,visual_transformer_resblocks_9,344,Rectangular objects
3417,visual_transformer_resblocks_9,345,The tops of buildings
3418,visual_transformer_resblocks_9,346,Dog heads
3419,visual_transformer_resblocks_9,347,Red and white objects
3420,visual_transformer_resblocks_9,348,Black and white objects
3421,visual_transformer_resblocks_9,349,Circular objects
3422,visual_transformer_resblocks_9,350,Rounded edges in pictures
3423,visual_transformer_resblocks_9,351,Red and white objects
3424,visual_transformer_resblocks_9,352,Circular objects
3425,visual_transformer_resblocks_9,353,The ground
3426,visual_transformer_resblocks_9,354,Vehicles
3427,visual_transformer_resblocks_9,355,Diagonal lines
3428,visual_transformer_resblocks_9,356,Blue and red objects
3429,visual_transformer_resblocks_9,357,Diagonal lines
3430,visual_transformer_resblocks_9,358,The ocean
3431,visual_transformer_resblocks_9,359,Red and white colored objects
3432,visual_transformer_resblocks_9,360,Rounded edges in pictures
3433,visual_transformer_resblocks_9,361,Rounded edges in pictures
3434,visual_transformer_resblocks_9,362,Circular objects
3435,visual_transformer_resblocks_9,363,The sky
3436,visual_transformer_resblocks_9,364,Round objects
3437,visual_transformer_resblocks_9,365,Water in the sky
3438,visual_transformer_resblocks_9,366,Blue skies and white objects
3439,visual_transformer_resblocks_9,367,Blue and red objects
3440,visual_transformer_resblocks_9,368,The tops of buildings
3441,visual_transformer_resblocks_9,369,The top of a building
3442,visual_transformer_resblocks_9,370,Rock formations
3443,visual_transformer_resblocks_9,371,Red and white colored objects
3444,visual_transformer_resblocks_9,372,Circular objects
3445,visual_transformer_resblocks_9,373,Water
3446,visual_transformer_resblocks_9,374,Living things
3447,visual_transformer_resblocks_9,375,Fish
3448,visual_transformer_resblocks_9,376,The ocean
3449,visual_transformer_resblocks_9,377,"The sky, water, and furniture"
3450,visual_transformer_resblocks_9,378,The ground
3451,visual_transformer_resblocks_9,379,Water in the sky
3452,visual_transformer_resblocks_9,380,Old buildings
3453,visual_transformer_resblocks_9,381,Words
3454,visual_transformer_resblocks_9,382,Red and white objects
3455,visual_transformer_resblocks_9,383,Round objects
3456,visual_transformer_resblocks_9,384,Arches
3457,visual_transformer_resblocks_9,385,Green colored objects
3458,visual_transformer_resblocks_9,386,The tops of buildings
3459,visual_transformer_resblocks_9,387,The sky
3460,visual_transformer_resblocks_9,388,Clocks and instruments
3461,visual_transformer_resblocks_9,389,Dogs
3462,visual_transformer_resblocks_9,390,The ground
3463,visual_transformer_resblocks_9,391,Black and white colored objects
3464,visual_transformer_resblocks_9,392,The front of vehicles
3465,visual_transformer_resblocks_9,393,Black and white colored objects
3466,visual_transformer_resblocks_9,394,Black and white colored objects
3467,visual_transformer_resblocks_9,395,Brown colored objects
3468,visual_transformer_resblocks_9,396,Red and white objects
3469,visual_transformer_resblocks_9,397,Faces of human beings
3470,visual_transformer_resblocks_9,398,Green colored objects
3471,visual_transformer_resblocks_9,399,Circular objects
3472,visual_transformer_resblocks_9,400,Green grass
3473,visual_transformer_resblocks_9,401,Circular objects
3474,visual_transformer_resblocks_9,402,Black and white colored objects
3475,visual_transformer_resblocks_9,403,Rounded edges in pictures
3476,visual_transformer_resblocks_9,404,Yellow objects
3477,visual_transformer_resblocks_9,405,Black and white colored objects
3478,visual_transformer_resblocks_9,406,Diagonal lines
3479,visual_transformer_resblocks_9,407,Rounded edges in pictures
3480,visual_transformer_resblocks_9,408,Black and white colored objects
3481,visual_transformer_resblocks_9,409,Pink colored objects
3482,visual_transformer_resblocks_9,410,The corners
3483,visual_transformer_resblocks_9,411,Circular objects
3484,visual_transformer_resblocks_9,412,People and bikes
3485,visual_transformer_resblocks_9,413,The burry objects
3486,visual_transformer_resblocks_9,414,Diagonal lines
3487,visual_transformer_resblocks_9,415,The top of a building
3488,visual_transformer_resblocks_9,416,Green objects
3489,visual_transformer_resblocks_9,417,Circular objects
3490,visual_transformer_resblocks_9,418,The tops of objects
3491,visual_transformer_resblocks_9,419,Red colored objects
3492,visual_transformer_resblocks_9,420,Red and white colored objects
3493,visual_transformer_resblocks_9,421,Red and white colored objects
3494,visual_transformer_resblocks_9,422,Red and white objects
3495,visual_transformer_resblocks_9,423,Faces of things
3496,visual_transformer_resblocks_9,424,People
3497,visual_transformer_resblocks_9,425,Arches
3498,visual_transformer_resblocks_9,426,The bottoms of vehicles
3499,visual_transformer_resblocks_9,427,Wheels and vehicles
3500,visual_transformer_resblocks_9,428,The sky
3501,visual_transformer_resblocks_9,429,Rounded edges in pictures
3502,visual_transformer_resblocks_9,430,The ground
3503,visual_transformer_resblocks_9,431,Red and white colored objects
3504,visual_transformer_resblocks_9,432,Dog faces
3505,visual_transformer_resblocks_9,433,The ground
3506,visual_transformer_resblocks_9,434,People
3507,visual_transformer_resblocks_9,435,Grass
3508,visual_transformer_resblocks_9,436,The top of a building
3509,visual_transformer_resblocks_9,437,Brown colored objects
3510,visual_transformer_resblocks_9,438,Four corners of a pizza
3511,visual_transformer_resblocks_9,439,Green colored objects
3512,visual_transformer_resblocks_9,440,Faces of human beings
3513,visual_transformer_resblocks_9,441,Animals
3514,visual_transformer_resblocks_9,442,Rounded objects
3515,visual_transformer_resblocks_9,443,Circular objects
3516,visual_transformer_resblocks_9,444,Airplanes
3517,visual_transformer_resblocks_9,445,Circular objects
3518,visual_transformer_resblocks_9,446,Circular objects
3519,visual_transformer_resblocks_9,447,Red and white objects
3520,visual_transformer_resblocks_9,448,Dog noses
3521,visual_transformer_resblocks_9,449,Rounded edges in pictures
3522,visual_transformer_resblocks_9,450,Red and white objects
3523,visual_transformer_resblocks_9,451,Electronics
3524,visual_transformer_resblocks_9,452,Circular objects
3525,visual_transformer_resblocks_9,453,Green colored objects
3526,visual_transformer_resblocks_9,454,Dogs
3527,visual_transformer_resblocks_9,455,Water and vehicles
3528,visual_transformer_resblocks_9,456,The left side of the object
3529,visual_transformer_resblocks_9,457,Orange and red objects
3530,visual_transformer_resblocks_9,458,Vehicles
3531,visual_transformer_resblocks_9,459,Blue colored objects
3532,visual_transformer_resblocks_9,460,Faces of human beings
3533,visual_transformer_resblocks_9,461,The bottoms of vehicles
3534,visual_transformer_resblocks_9,462,Towers and hats
3535,visual_transformer_resblocks_9,463,Vehicles
3536,visual_transformer_resblocks_9,464,Dogs
3537,visual_transformer_resblocks_9,465,Round objects
3538,visual_transformer_resblocks_9,466,Edges of objects
3539,visual_transformer_resblocks_9,467,Stripes
3540,visual_transformer_resblocks_9,468,Red and white colored objects
3541,visual_transformer_resblocks_9,469,Black and white colored objects
3542,visual_transformer_resblocks_9,470,Water and grass
3543,visual_transformer_resblocks_9,471,People and vehicles
3544,visual_transformer_resblocks_9,472,Red and white objects
3545,visual_transformer_resblocks_9,473,Mobil gas stations
3546,visual_transformer_resblocks_9,474,Windmills
3547,visual_transformer_resblocks_9,475,Blue and red objects
3548,visual_transformer_resblocks_9,476,The sky
3549,visual_transformer_resblocks_9,477,Vehicles
3550,visual_transformer_resblocks_9,478,Diagonal lines
3551,visual_transformer_resblocks_9,479,The sky and water
3552,visual_transformer_resblocks_9,480,Brown colored objects
3553,visual_transformer_resblocks_9,481,The ground
3554,visual_transformer_resblocks_9,482,The left side of the object
3555,visual_transformer_resblocks_9,483,Animals and people
3556,visual_transformer_resblocks_9,484,Trees
3557,visual_transformer_resblocks_9,485,The ground
3558,visual_transformer_resblocks_9,486,Red and white objects
3559,visual_transformer_resblocks_9,487,Sign boards with text in it
3560,visual_transformer_resblocks_9,488,Circular objects
3561,visual_transformer_resblocks_9,489,The ground
3562,visual_transformer_resblocks_9,490,Roofs
3563,visual_transformer_resblocks_9,491,The background
3564,visual_transformer_resblocks_9,492,The ground
3565,visual_transformer_resblocks_9,493,Water in the sky
3566,visual_transformer_resblocks_9,494,People
3567,visual_transformer_resblocks_9,495,The ground
3568,visual_transformer_resblocks_9,496,Dogs and other animals
3569,visual_transformer_resblocks_9,497,Circular shaped objects
3570,visual_transformer_resblocks_9,498,Green grass
3571,visual_transformer_resblocks_9,499,Green colored objects
3572,visual_transformer_resblocks_9,500,Water in the sky
3573,visual_transformer_resblocks_9,501,Curved lines
3574,visual_transformer_resblocks_9,502,Green grass
3575,visual_transformer_resblocks_9,503,Triangular shapes
3576,visual_transformer_resblocks_9,504,Water in the sky
3577,visual_transformer_resblocks_9,505,Trees
3578,visual_transformer_resblocks_9,506,Plants
3579,visual_transformer_resblocks_9,507,Red and white objects
3580,visual_transformer_resblocks_9,508,Faces
3581,visual_transformer_resblocks_9,509,Blue colored objects
3582,visual_transformer_resblocks_9,510,The ground
3583,visual_transformer_resblocks_9,511,Red and white objects
3584,visual_transformer_resblocks_9,512,The ocean
3585,visual_transformer_resblocks_9,513,Diagonal lines
3586,visual_transformer_resblocks_9,514,Dogs and other animals
3587,visual_transformer_resblocks_9,515,Green grass
3588,visual_transformer_resblocks_9,516,Green colored objects
3589,visual_transformer_resblocks_9,517,The sky
3590,visual_transformer_resblocks_9,518,The ground
3591,visual_transformer_resblocks_9,519,Pink colored objects
3592,visual_transformer_resblocks_9,520,Musical instruments
3593,visual_transformer_resblocks_9,521,Vehicles
3594,visual_transformer_resblocks_9,522,Pink colored objects
3595,visual_transformer_resblocks_9,523,Red telephone booths
3596,visual_transformer_resblocks_9,524,Red and white objects
3597,visual_transformer_resblocks_9,525,White colored objects
3598,visual_transformer_resblocks_9,526,Diagonal lines
3599,visual_transformer_resblocks_9,527,The tops of objects
3600,visual_transformer_resblocks_9,528,The ground
3601,visual_transformer_resblocks_9,529,Blue colored objects
3602,visual_transformer_resblocks_9,530,Circular objects
3603,visual_transformer_resblocks_9,531,Blue and red objects
3604,visual_transformer_resblocks_9,532,Diagonal lines
3605,visual_transformer_resblocks_9,533,Round objects
3606,visual_transformer_resblocks_9,534,Red and white colored objects
3607,visual_transformer_resblocks_9,535,Rounded edges in pictures
3608,visual_transformer_resblocks_9,536,The ground
3609,visual_transformer_resblocks_9,537,The tops of buildings
3610,visual_transformer_resblocks_9,538,Brown colored objects
3611,visual_transformer_resblocks_9,539,Electronics
3612,visual_transformer_resblocks_9,540,Blue colored objects
3613,visual_transformer_resblocks_9,541,Similar color patterns
3614,visual_transformer_resblocks_9,542,Circular objects
3615,visual_transformer_resblocks_9,543,Green colored objects
3616,visual_transformer_resblocks_9,544,Red and white colored objects
3617,visual_transformer_resblocks_9,545,Vehicles
3618,visual_transformer_resblocks_9,546,Blue and red objects
3619,visual_transformer_resblocks_9,547,The ground
3620,visual_transformer_resblocks_9,548,Red and white colored objects
3621,visual_transformer_resblocks_9,549,Red and white colored objects
3622,visual_transformer_resblocks_9,550,Diagonal lines
3623,visual_transformer_resblocks_9,551,Brown colored objects
3624,visual_transformer_resblocks_9,552,The ground
3625,visual_transformer_resblocks_9,553,Water in the sky
3626,visual_transformer_resblocks_9,554,Rounded edges in pictures
3627,visual_transformer_resblocks_9,555,The front of vehicles
3628,visual_transformer_resblocks_9,556,Dogs and vehicles
3629,visual_transformer_resblocks_9,557,Red objects
3630,visual_transformer_resblocks_9,558,Black and white animals
3631,visual_transformer_resblocks_9,559,Black and white colored objects
3632,visual_transformer_resblocks_9,560,Blue and red objects
3633,visual_transformer_resblocks_9,561,The ground
3634,visual_transformer_resblocks_9,562,Animals and instruments
3635,visual_transformer_resblocks_9,563,Living things
3636,visual_transformer_resblocks_9,564,Faces of human beings
3637,visual_transformer_resblocks_9,565,Faces of human beings
3638,visual_transformer_resblocks_9,566,Water in the sky
3639,visual_transformer_resblocks_9,567,Circular objects
3640,visual_transformer_resblocks_9,568,Brown colored objects
3641,visual_transformer_resblocks_9,569,Red objects
3642,visual_transformer_resblocks_9,570,Red and white objects
3643,visual_transformer_resblocks_9,571,Blue colored objects
3644,visual_transformer_resblocks_9,572,Circular objects
3645,visual_transformer_resblocks_9,573,The bottoms of vehicles
3646,visual_transformer_resblocks_9,574,Green and brown colored objects
3647,visual_transformer_resblocks_9,575,Sign boards with text in it
3648,visual_transformer_resblocks_9,576,Faces of human beings
3649,visual_transformer_resblocks_9,577,Green colored objects
3650,visual_transformer_resblocks_9,578,Electronics
3651,visual_transformer_resblocks_9,579,People
3652,visual_transformer_resblocks_9,580,White colored objects
3653,visual_transformer_resblocks_9,581,Red objects
3654,visual_transformer_resblocks_9,582,Buildings
3655,visual_transformer_resblocks_9,583,The tops of objects
3656,visual_transformer_resblocks_9,584,Old seaside homes
3657,visual_transformer_resblocks_9,585,The ground
3658,visual_transformer_resblocks_9,586,Black and white colored objects
3659,visual_transformer_resblocks_9,587,Circular objects
3660,visual_transformer_resblocks_9,588,Circular objects
3661,visual_transformer_resblocks_9,589,Water
3662,visual_transformer_resblocks_9,590,Living things
3663,visual_transformer_resblocks_9,591,Animals
3664,visual_transformer_resblocks_9,592,Water and planes in the sky
3665,visual_transformer_resblocks_9,593,The top of a building
3666,visual_transformer_resblocks_9,594,Red objects
3667,visual_transformer_resblocks_9,595,People
3668,visual_transformer_resblocks_9,596,Old buildings
3669,visual_transformer_resblocks_9,597,Faces
3670,visual_transformer_resblocks_9,598,Head of people
3671,visual_transformer_resblocks_9,599,Vehicles
3672,visual_transformer_resblocks_9,600,A sign
3673,visual_transformer_resblocks_9,601,Green colored objects
3674,visual_transformer_resblocks_9,602,Green grass
3675,visual_transformer_resblocks_9,603,The top of a tower
3676,visual_transformer_resblocks_9,604,Airplanes in the sky
3677,visual_transformer_resblocks_9,605,The ground
3678,visual_transformer_resblocks_9,606,Green colored objects
3679,visual_transformer_resblocks_9,607,Rounded edges in pictures
3680,visual_transformer_resblocks_9,608,Red and white colored objects
3681,visual_transformer_resblocks_9,609,Diagonal lines
3682,visual_transformer_resblocks_9,610,The sky
3683,visual_transformer_resblocks_9,611,Green colored objects
3684,visual_transformer_resblocks_9,612,Red and white colored objects
3685,visual_transformer_resblocks_9,613,The ground
3686,visual_transformer_resblocks_9,614,Round objects
3687,visual_transformer_resblocks_9,615,Circular objects
3688,visual_transformer_resblocks_9,616,Airplanes
3689,visual_transformer_resblocks_9,617,Musical instruments
3690,visual_transformer_resblocks_9,618,Water and grass
3691,visual_transformer_resblocks_9,619,Diagonal lines
3692,visual_transformer_resblocks_9,620,The ground
3693,visual_transformer_resblocks_9,621,Rounded objects
3694,visual_transformer_resblocks_9,622,Red and white objects
3695,visual_transformer_resblocks_9,623,Green colored objects
3696,visual_transformer_resblocks_9,624,The tops of objects
3697,visual_transformer_resblocks_9,625,Trees
3698,visual_transformer_resblocks_9,626,Diagonal lines
3699,visual_transformer_resblocks_9,627,Circular objects
3700,visual_transformer_resblocks_9,628,Green grass
3701,visual_transformer_resblocks_9,629,Animals and instruments
3702,visual_transformer_resblocks_9,630,Brown colored objects
3703,visual_transformer_resblocks_9,631,Dog faces
3704,visual_transformer_resblocks_9,632,Mma fighters
3705,visual_transformer_resblocks_9,633,Green colored objects
3706,visual_transformer_resblocks_9,634,"Animals, instruments and instruments"
3707,visual_transformer_resblocks_9,635,Blue colored objects
3708,visual_transformer_resblocks_9,636,Diagonal lines
3709,visual_transformer_resblocks_9,637,Blue and red objects
3710,visual_transformer_resblocks_9,638,The ground
3711,visual_transformer_resblocks_9,639,A orange objects
3712,visual_transformer_resblocks_9,640,Arches
3713,visual_transformer_resblocks_9,641,Black and white colored objects
3714,visual_transformer_resblocks_9,642,Top of a building
3715,visual_transformer_resblocks_9,643,Black and white colored objects
3716,visual_transformer_resblocks_9,644,The left side of the object
3717,visual_transformer_resblocks_9,645,Boats and signs
3718,visual_transformer_resblocks_9,646,The left side of the object
3719,visual_transformer_resblocks_9,647,Vehicles
3720,visual_transformer_resblocks_9,648,Black and white colored objects
3721,visual_transformer_resblocks_9,649,Musical instruments and leashes
3722,visual_transformer_resblocks_9,650,White backgrounds
3723,visual_transformer_resblocks_9,651,Vehicles
3724,visual_transformer_resblocks_9,652,Dogs and electronics
3725,visual_transformer_resblocks_9,653,Faces of human beings
3726,visual_transformer_resblocks_9,654,The ground
3727,visual_transformer_resblocks_9,655,Green grass
3728,visual_transformer_resblocks_9,656,The top of round objects
3729,visual_transformer_resblocks_9,657,Water in the sky
3730,visual_transformer_resblocks_9,658,Diagonal lines
3731,visual_transformer_resblocks_9,659,Black and white colored objects
3732,visual_transformer_resblocks_9,660,Circular objects
3733,visual_transformer_resblocks_9,661,Vehicles
3734,visual_transformer_resblocks_9,662,The ground
3735,visual_transformer_resblocks_9,663,The tops of buildings
3736,visual_transformer_resblocks_9,664,Arches
3737,visual_transformer_resblocks_9,665,Green colored objects
3738,visual_transformer_resblocks_9,666,The tops of buildings
3739,visual_transformer_resblocks_9,667,Words
3740,visual_transformer_resblocks_9,668,Water in the sky
3741,visual_transformer_resblocks_9,669,Dogs
3742,visual_transformer_resblocks_9,670,Dog heads
3743,visual_transformer_resblocks_9,671,Words
3744,visual_transformer_resblocks_9,672,Black and white objects
3745,visual_transformer_resblocks_9,673,Red and white colored objects
3746,visual_transformer_resblocks_9,674,Vehicles
3747,visual_transformer_resblocks_9,675,Black and white colored objects
3748,visual_transformer_resblocks_9,676,Electronics
3749,visual_transformer_resblocks_9,677,Black and white colored objects
3750,visual_transformer_resblocks_9,678,Vehicles
3751,visual_transformer_resblocks_9,679,Roofs
3752,visual_transformer_resblocks_9,680,Diagonal lines
3753,visual_transformer_resblocks_9,681,Tree branches without leaves
3754,visual_transformer_resblocks_9,682,The ground
3755,visual_transformer_resblocks_9,683,Black and white colored objects
3756,visual_transformer_resblocks_9,684,Diagonal lines
3757,visual_transformer_resblocks_9,685,The ground
3758,visual_transformer_resblocks_9,686,Blue colored objects
3759,visual_transformer_resblocks_9,687,Green grass
3760,visual_transformer_resblocks_9,688,Round objects
3761,visual_transformer_resblocks_9,689,The ground
3762,visual_transformer_resblocks_9,690,Water in the sky
3763,visual_transformer_resblocks_9,691,Tops of cathedrals
3764,visual_transformer_resblocks_9,692,Legs and poles
3765,visual_transformer_resblocks_9,693,Blue skies and white objects
3766,visual_transformer_resblocks_9,694,Words
3767,visual_transformer_resblocks_9,695,The ground
3768,visual_transformer_resblocks_9,696,Diagonal lines
3769,visual_transformer_resblocks_9,697,Blue colored objects
3770,visual_transformer_resblocks_9,698,Red and white objects
3771,visual_transformer_resblocks_9,699,White colored objects
3772,visual_transformer_resblocks_9,700,Trees and other objects
3773,visual_transformer_resblocks_9,701,Blue and red objects
3774,visual_transformer_resblocks_9,702,Red and white colored objects
3775,visual_transformer_resblocks_9,703,Vehicles
3776,visual_transformer_resblocks_9,704,Electronics
3777,visual_transformer_resblocks_9,705,Circular objects
3778,visual_transformer_resblocks_9,706,Green colored objects
3779,visual_transformer_resblocks_9,707,Rounded edges in pictures
3780,visual_transformer_resblocks_9,708,The ground
3781,visual_transformer_resblocks_9,709,Red and white colored objects
3782,visual_transformer_resblocks_9,710,Water in the sky
3783,visual_transformer_resblocks_9,711,Trees
3784,visual_transformer_resblocks_9,712,Green colored objects
3785,visual_transformer_resblocks_9,713,Black and white colored objects
3786,visual_transformer_resblocks_9,714,Green colored objects
3787,visual_transformer_resblocks_9,715,Blue and red objects
3788,visual_transformer_resblocks_9,716,Trees and people
3789,visual_transformer_resblocks_9,717,The ground
3790,visual_transformer_resblocks_9,718,Orange and yellow objects
3791,visual_transformer_resblocks_9,719,Rounded edges in pictures
3792,visual_transformer_resblocks_9,720,Dog heads
3793,visual_transformer_resblocks_9,721,Red objects
3794,visual_transformer_resblocks_9,722,Circular objects
3795,visual_transformer_resblocks_9,723,Black and white colored objects
3796,visual_transformer_resblocks_9,724,Pink colored objects
3797,visual_transformer_resblocks_9,725,The ground
3798,visual_transformer_resblocks_9,726,A piano
3799,visual_transformer_resblocks_9,727,Green colored objects
3800,visual_transformer_resblocks_9,728,"Animals, instruments and instruments"
3801,visual_transformer_resblocks_9,729,Sign boards with text in it
3802,visual_transformer_resblocks_9,730,Green and brown colored objects
3803,visual_transformer_resblocks_9,731,Water in the sky
3804,visual_transformer_resblocks_9,732,Bodies of water
3805,visual_transformer_resblocks_9,733,Rounded objects
3806,visual_transformer_resblocks_9,734,Wheels of vehicles
3807,visual_transformer_resblocks_9,735,The ground
3808,visual_transformer_resblocks_9,736,Red objects
3809,visual_transformer_resblocks_9,737,Green colored objects
3810,visual_transformer_resblocks_9,738,White objects
3811,visual_transformer_resblocks_9,739,The sky in the sky
3812,visual_transformer_resblocks_9,740,Faces of human beings
3813,visual_transformer_resblocks_9,741,Green grass
3814,visual_transformer_resblocks_9,742,Circular objects
3815,visual_transformer_resblocks_9,743,Faces of human beings
3816,visual_transformer_resblocks_9,744,Buildings
3817,visual_transformer_resblocks_9,745,The tops of buildings
3818,visual_transformer_resblocks_9,746,The ground
3819,visual_transformer_resblocks_9,747,Brown colored objects
3820,visual_transformer_resblocks_9,748,Vehicles
3821,visual_transformer_resblocks_9,749,Words
3822,visual_transformer_resblocks_9,750,Stripes
3823,visual_transformer_resblocks_9,751,Round objects
3824,visual_transformer_resblocks_9,752,People
3825,visual_transformer_resblocks_9,753,Diagonal lines
3826,visual_transformer_resblocks_9,754,Green grass
3827,visual_transformer_resblocks_9,755,Windmills and teepees
3828,visual_transformer_resblocks_9,756,Faces of human beings
3829,visual_transformer_resblocks_9,757,Green objects
3830,visual_transformer_resblocks_9,758,Circular objects
3831,visual_transformer_resblocks_9,759,Dogs
3832,visual_transformer_resblocks_9,760,The ground
3833,visual_transformer_resblocks_9,761,Vehicles
3834,visual_transformer_resblocks_9,762,"Animals, instruments and instruments"
3835,visual_transformer_resblocks_9,763,Blue colored objects
3836,visual_transformer_resblocks_9,764,Circular objects
3837,visual_transformer_resblocks_9,765,The ground
3838,visual_transformer_resblocks_9,766,Green grass
3839,visual_transformer_resblocks_9,767,Red and white colored objects
